2018-02-07 17:49:09,"Â¿QuÃ© crisis ni quÃ© crisis?, el que no trabaja es porque no quiere... https://t.co/dQrdbxvseH",786475080897339393,
2018-02-07 17:49:07,â€œEn la orwelliana 1984 esa sociedad era consciente de que estaba siendo dominada; hoy no tenemos ni esa conscienciaâ€¦ https://t.co/gzL3QktyfE,58598355,
2018-02-07 17:49:07,Â¡Praga! https://t.co/7CNzZApoT3,348987511,
2018-02-07 17:49:05,RT @RTn_Aragon: #Noticias #AragÃ³n CSIF critica el plan de bilingÃ¼ismo https://t.co/aSMg3VXDKC https://t.co/BnQa00ib0g,2299690216,
2018-02-07 17:49:04,RT @OregonTv: El maÃ±o mayor ayudÃ³ a cientos de oregoneses a recobrar su identidad. #OregonTV400 https://t.co/2rvHJeQyRu,252133757,
2018-02-07 17:49:04,"RT @jusapolaragon: Somos apolÃ­ticos y asindicales, ahora, tontos NO! @CiudadanosCs ha iniciado campaÃ±a en Twitter con el hashtag #Equiparacâ€¦",896890576498552834,
2018-02-07 17:49:03,"RT @egiocentrica: â¤ para q vayamos juntos q mis amigos no me quieren 

@Recycled_J @CHEB_RU https://t.co/84VBzZs5al",317312565,
2018-02-07 17:49:03,Cuando las palabras del #libro que estÃ¡s escribiendo arden porque tÃº #corazÃ³n ya las conoce... https://t.co/uTCwgqdHbJ,35197240,
2018-02-07 17:48:59,@ZassCometro @alfonso_ussia @PabloMM Y ya nos volviÃ³ a salir la ETA ğŸ¤¦â€â™€ï¸ğŸ¤¦â€â™€ï¸ğŸ¤¦â€â™€ï¸,290565666,
2018-02-07 17:48:59,RT @egiocentrica: Cualquiera es guapa con filtros jaja att: vosotros https://t.co/Ps5sqr6iPb,317312565,
2018-02-07 17:48:58,Me he comprado una parka que es como llevar encima el trÃ³pico...,197114614,
2018-02-07 17:48:57,Lo peor es que voy en el bus hay un chico que huele genial y sÃ© quiÃ©n es el chicoğŸ˜‚ğŸ˜‚ğŸ˜‚ pero el no sabe quiÃ©n soy yo,792851607532756997,
2018-02-07 17:48:57,RT @egiocentrica: Uno de los findes mÃ¡s increÃ­bles de mi vida??? #goya2018 @PremiosGoya https://t.co/XESbzemgav,317312565,
2018-02-07 17:48:56,Mitja claror de Lily Brik a la galeria Espai Cavallers. Lyly Brik at Espai Cavallers Art galleryâ€¦ https://t.co/iDTcRgsT2i,2214433147,
2018-02-07 17:48:51,"Ready to enjoy the moon ... ğŸŒ› @benefitspain âœ¨ en Tudela, Navarra, Spain https://t.co/QuSWmmvvRV",300683269,"{u'type': u'Point', u'coordinates': [42.0833, -1.6]}"
2018-02-07 17:48:49,RT @ZGZmiciudad: Renfe lanzarÃ¡ en 2019 un nuevo AVE de bajo coste llamado EVA para el trayecto Madrid-Barcelona. En Zaragoza y AragÃ³n NO HAâ€¦,4483332627,
2018-02-07 17:48:45,siempre que estoy estudiando me entran ganas de cantar,758621209886134272,
2018-02-07 17:48:43,"@uptnhrlmb Yes, if he existed!!! God that is when we God less Apes @rickygervais",2810266466,
2018-02-07 17:48:43,"RT @TereTeresuki: ""La gente inteligente no se ofende, ellos sacan conclusiones"".  #HÃ©rculesPoirot",2917629898,
2018-02-07 17:48:43,El problema es que le preocupa mÃ¡s frenar a Ciudadanos que la situaciÃ³n de CataluÃ±a https://t.co/Xuqov4mD8E,372291020,
2018-02-07 17:48:42,"Vivimos en un paÃ­s en el que estÃ¡ permitido que te exploten laboralmente a partir de los 16, pero eres demasiado joâ€¦ https://t.co/GiVAam9cKc",179503167,
2018-02-07 17:48:39,RT @egiocentrica: QuÃ© opinÃ¡is de que el Ayto de Zaragoza publique una guÃ­a sobre las drogas en la que dice cosas como que tengas cuidado coâ€¦,317312565,
2018-02-07 17:48:36,RT @akanefeatjohnny: I want to kiss @alderbluee https://t.co/CdCqdIAWE9,747247388,
2018-02-07 17:48:34,"RT @CHACK75: 7. Oh, no!!! Que me denuncian los demÃ³cratas. Pedir la baja sindical es legal, lo sabÃ­ais?? Pues ya lo sabÃ©is. No se ha obligaâ€¦",4775278013,
2018-02-07 17:48:31,"â€œLa filosofÃ­a tiene un carÃ¡cter 'holÃ­stico'. Se centra en el estudio de conceptos como saber, verdad, representar""â€¦ https://t.co/jfnaBDbvA3",820957060460412932,
2018-02-07 17:48:29,"RT @egiocentrica: Os molesta si esa persona (indiferentemente de si es pareja, lÃ­o o quien os gusta) os hace comentarios tipo cuÃ¡nto le ponâ€¦",317312565,
2018-02-07 17:48:27,@LivinLifeZay @sceneboyvarcee He ain't have to do her like that ğŸ˜­ğŸ˜­ğŸ˜‚,308763349,
2018-02-07 17:48:24,"RT @jusapolsoria: Muchas gracias @sorianoticias por vuestra difusiÃ³n y apoyo
#EquiparacionYa
@jusapol #GraciasSoria https://t.co/lqFCjZJawJ",896890576498552834,
2018-02-07 17:48:22,"RT @jusapolaragon: Somos apolÃ­ticos y asindicales, ahora, tontos NO! @CiudadanosCs ha iniciado campaÃ±a en Twitter con el hashtag #Equiparacâ€¦",923324084,
2018-02-07 17:48:21,"RT @euroPxl: â–¶ï¸ |  #OTDirecto6F | Este es el momento en el que AMAIA se presentaba al casting de @OT_Oficial.
â¡ï¸â¡ï¸ğŸ“¹: @HectorAlabadi
https:/â€¦",949287078411501569,
2018-02-07 17:48:20,"RT @jusapolaragon: Somos apolÃ­ticos y asindicales, ahora, tontos NO! @CiudadanosCs ha iniciado campaÃ±a en Twitter con el hashtag #Equiparacâ€¦",929095093935538178,
2018-02-07 17:48:18,Por esto y por muchas mÃ¡s razones #HuelgaFeminista8M https://t.co/aSl4l7ko7V,290565666,
2018-02-07 17:48:18,@frecklednose Lo sÃ©. A mÃ­ tampoco.,21553966,
2018-02-07 17:48:16,"Me encanta la colonia de hombre ğŸ˜ os lo juro, me puede y me pierde",792851607532756997,
2018-02-07 17:48:14,@rickap22 @Vvasilyy_ @p4rs3ks @DavidNamuche @RAntiespecistas @fati_sirvent Te queda mucho que aprender pequeÃ±o saltamontes!!,541105638,
2018-02-07 17:48:09,Are We Sure the Cavs Shouldn't Trade LeBron James? https://t.co/GClXaNhFsc,319799299,
2018-02-07 17:48:07,"4-Star QB Tanner McKee Commits to Stanford over Alabama, Texas, More https://t.co/FhRK1cupkK",319799299,
2018-02-07 17:48:06,I liked a @YouTube video https://t.co/tSDtCuZDwr Ğ“ĞĞ™Ğ”: Ğ Ğ•Ğ¢Ğ Ğ-ĞšĞĞĞ¡ĞĞ›Ğ˜. ĞĞĞ”Ğ Ğ‘Ğ ĞĞ¢Ğ¬!,506909628,
2018-02-07 17:48:05,@alberconejero somo la radio autonÃ³mica de AragÃ³n. Â¿Nos sigues y hablamos por privado? Nos gustarÃ­a entrevistarte eâ€¦ https://t.co/hvcBQNEKpx,761518690315673600,
2018-02-07 17:48:01,"RT @velasc_alberto: Lo mejor para la democracia serÃ­a cerrar TV3. 
Lo mejor para la democracia es no dejar votar.
Lo mejor para la democracâ€¦",130151534,
2018-02-07 17:47:59,"RT @hoy_aragon: ""El asco estÃ©tico que me produce la contemplaciÃ³n del binomio que han formado el juez Juan Alberto Belloch y el imputado Agâ€¦",892113858801938432,
2018-02-07 17:47:55,"RT @jusapolaragon: Somos apolÃ­ticos y asindicales, ahora, tontos NO! @CiudadanosCs ha iniciado campaÃ±a en Twitter con el hashtag #Equiparacâ€¦",958266029402214400,
2018-02-07 17:47:51,"@LonjaBinefar 07 de febrero. Machos cruzados, hembras y frisones de +220kg canal, repiten. Frisones de -220kg canalâ€¦ https://t.co/rq5rHcMrAs",481956285,
2018-02-07 17:47:50,@AnimaL_Fan_Club incredible!!!!,3052215043,
2018-02-07 17:47:44,@Gedo_Hime @00zask00 GanÃ³ @SmoothArkano ahhh no parÃ¡ :v,955788134343725056,
2018-02-07 17:47:43,"@Ninjxdeclozet @Bombolbitch Ella y yo asaltando los puestos de comida, Sin pedos.",958010031651213313,
2018-02-07 17:47:43,A tope con esto. https://t.co/CXTaWUL908,179503167,
2018-02-07 17:47:42,Un britÃ¡nico negro de hace 10.000 aÃ±os https://t.co/OpBtHcuMQf #Ciencia #mÃ³vil,2151562792,
2018-02-07 17:47:39,"RT @jusapolsoria: Muchas gracias @sorianoticias por vuestra difusiÃ³n y apoyo
#EquiparacionYa
@jusapol #GraciasSoria https://t.co/lqFCjZJawJ",1671326491,
2018-02-07 17:47:38,@jusapolaragon @CiudadanosCs @Cs_Aragon @susanagaspar_cs @MGutierrezCs @sarafernandezcs @RodrigoGomGar @CsCongresoâ€¦ https://t.co/R1bvCNU2Kc,958266029402214400,
2018-02-07 17:47:37,"RT @torreciudad_org: Dice @sJosemaria en el punto 262 de Forja: â€œHas de orar siempre, siempre. -Has de sentir la necesidad de acudir a Diosâ€¦",1723463833,
2018-02-07 17:47:36,å¤¢ã‚„ç›®æ¨™ã«å‘ã‹ã£ã¦é ‘å¼µã£ã¦ã„ã‚‹äººã¨æ¥ã™ã‚‹ã®æœ¬å½“ã«æ¥½ã—ã„ã€‚è¡Œãå…ˆãŒæ±ºã¾ã£ã¦ã„ã‚‹äººã¯ä¾‹ãˆè»¢ã‚“ã§ã‚‚é“ã‚’é€¸ã‚Œã‚‹ã“ã¨ãŒãªãã¦ã€æ­©ã¿ã®é€Ÿã„é…ã„ã¯ã‚ã‚‹ã«ã›ã‚ˆã€ã„ã¤ã‚‚å‰ã‚’å‘ã„ã¦ã„ã‚‹ã‚“ã ã‚ˆãªã€‚,570817112,
2018-02-07 17:47:33,#UnoDiNoi Malcom Filipe Silva de Oliveira @llobregatbib #L #rcde https://t.co/ecwLsPTxpD,2763993350,
2018-02-07 17:47:33,RT @mondoiberica: Â¡Tiquitaca kazajo en la @UEFAFutsal! https://t.co/2rraV6ojFE,282803033,
2018-02-07 17:47:32,RT @jusapolaragon: @anadebande @jusapol @PPopular @elenabastidasb @jaimedeolano @GPPopular @martintoledano @ChiquilloBarber @Richard_Pinaulâ€¦,91753439,
2018-02-07 17:47:32,@superpoderes_ Ese es otro tema!,253175340,
2018-02-07 17:47:31,RT @mondoiberica: Â¡Tiquitaca kazajo en la @UEFAFutsal! https://t.co/2rraV6ojFE,281927149,
2018-02-07 17:47:30,"Estem en ple visionat del diabÃ²licament malaltÃ­s curtmetratge ""In Absentia"" dels germans Quay, i construit al voltaâ€¦ https://t.co/3YY7jEvmbF",103032441,
2018-02-07 17:47:28,"RT @TereTeresuki: Dicen que si continuas
AlgÃºn un lugar llegarÃ¡s,
Debe hacer falta
Bastante caminar..... #Bunbury https://t.co/zCmxdev16a",2917629898,
2018-02-07 17:47:27,"RT @__Kylene: Cuando alguien te habla de su discapacidad no te estÃ¡ retando ni intentando darte pena, te estÃ¡ dando herramientas para que tâ€¦",475866765,
2018-02-07 17:47:25,Programa la fiera de mi niÃ±a. 27/01/2009. IES Tiempos Modernos https://t.co/tjS74vfFu8 vÃ­a @YouTube,229989118,
2018-02-07 17:47:25,Si es que el que no trabaja es porque no quiere. https://t.co/OYfknJJIlQ,786475080897339393,
2018-02-07 17:47:17,"AragÃ³n cierra un aÃ±o histÃ³rico para el #turismo con 3,7 millones de viajeros: 
https://t.co/06G3FxjZVR",614254368,
2018-02-07 17:47:14,RT @RetroCabeza: Cuando oigo hablar de la comunidad tÃ³xica no sÃ© a quÃ© se refieren. En mi muro y en mi canal sois todos la caÃ±a. Gracias poâ€¦,714144947490914304,
2018-02-07 17:47:10,"@Nanisimo Ya, como Whatsapp Status , pero POR QUÃ‰ EMPIEZA A USAR LA GENTE LOS STORIES DE FACEBOOK? Me preocupa",21553966,
2018-02-07 17:47:10,ãƒ„ã‚¤ç¦ã™ã‚‹ã‚“ã§...ã¨ã‹è¨€ã£ã¨ã„ã¦ãŸã¾ã«Twitteræ¥ã‚‹ã‚„ã¤,627459966,
2018-02-07 17:47:08,"RT @o_sarvi: Todo preparado para participar en la Jornada de InnovaciÃ³n de Lleida ""Thinking to learn"" junto a @RobertSwartz2. https://t.co/â€¦",3331886345,
2018-02-07 17:47:06,"@faco99cc9 No era un ""no estoy bien"" de que estÃ© loca, si no de que me ha dado mucha penita y era una paranoia ğŸ’”",317312565,
2018-02-07 17:47:03,"Muchas gracias @sorianoticias por vuestra difusiÃ³n y apoyo
#EquiparacionYa
@jusapol #GraciasSoria https://t.co/lqFCjZJawJ",924367788050931714,
2018-02-07 17:47:02,"RT @CONSTRUIDOS: El actual estado EdpaÃ±ol, es insensible ante el dolor del pueblo, insensible ante sus necesidades. ES "" Pan para hoy y hamâ€¦",317512624,
2018-02-07 17:47:02,@DECENTMIKE25 go to school,516149046,
2018-02-07 17:46:59,Pesarrodona (ERC) es nega a declarar i denuncia persecuciÃ³ de la GuÃ rdia Civil per la foto amb el nas de pallasso https://t.co/z99lVtwVms,915081494,
2018-02-07 17:46:47,@davidbisbal FuÃ© una visita maravillosa David estuviste genial seguro que ellos tampoco lo olvidan ğŸ”ğŸ¶ğŸ’™ #LoveU #SiempreContigo,118738000,
2018-02-07 17:46:46,@elsa_artadi @boixserra I inaudit!,125767913,
2018-02-07 17:46:44,"RT @JuanFerrerVila: Cine porque sÃ­: â€œThe Most Dangerous Gameâ€ (1932) Ernest B. Schoedsack, Irving Pichel. https://t.co/Bmda0j9W7b",3257903995,
2018-02-07 17:46:40,@ravensspirit68 @morse_tami @ThomasKlineMD Too bad there canâ€™t be a class action suit because many are being hurt.â€¦ https://t.co/gHCTvQ06FR,71030688,
2018-02-07 17:46:33,"Nacho Revenga, presidente del club ciclista monzÃ“n https://t.co/AoGiGy7GWJ",954029892592701440,
2018-02-07 17:46:33,"Retweeted Cambiar Huesca (@cambiarhuesca):

Conocer a Berta CÃ¡ceres a travÃ©s de Laura ZÃºÃ±iga... https://t.co/ZxaO18QSNf",522542124,
2018-02-07 17:46:31,"SEOUL STATION (6/10): Correcta precuela de #TrainToBusan en animaciÃ³n. Se diluye un poco hacia el final, pero aguanâ€¦ https://t.co/4cbPb0W2sA",716239387294564352,
2018-02-07 17:46:27,@rickap22 @Vvasilyy_ @p4rs3ks @DavidNamuche @RAntiespecistas @fati_sirvent Lo que yo he vivido ya estÃ¡ denunciado uâ€¦ https://t.co/1bca0X5HDb,541105638,
2018-02-07 17:46:27,@_Onofre__ @MartaQuart seguro que seria el primero en cruzar la junquera....,2945996073,
2018-02-07 17:46:27,RT @lvidalzgz: Las Antenas del @CIPAJ @EnterateCipaj dispuestas a colaborar en la difusiÃ³n de la nueva ediciÃ³n de #PresupuestosParticipativâ€¦,790924719549779968,
2018-02-07 17:46:25,"No sÃ©, no es ni medio normal https://t.co/drypZHvpfG",212249745,
2018-02-07 17:46:24,"RT @EstebanNavarroS: Imparable @jusapol PolicÃ­a y Guardia Civil, imparables hacia la equiparaciÃ³n salarial https://t.co/w4X3rUaT7h vÃ­a @diaâ€¦",628219874,
2018-02-07 17:46:17,é«˜æ ¡ã®æ™‚ã€åŒç´šç”Ÿã®å¤§åŠãŒãƒãƒ£ãƒªä¹—ã‚ŠãªãŒã‚‰ã‚¬ãƒ©ã‚±ãƒ¼ã‚„ã‚¹ãƒãƒ›ã„ã˜ã£ã¦ãŸã‘ã©ä»Šã„ã˜ã‚‹å¿…è¦ã‚ã‚‹ï¼Ÿã£ã¦ã„ã¤ã‚‚æ€ã£ã¦ãŸã€‚ãã‚“ãªå‹é”å¤šã„ã‚“ã‹ãªã€‚,2592801793,
2018-02-07 17:46:15,Nivell de POLITICA https://t.co/ScexzXxrC2,408692026,
2018-02-07 17:46:14,KtoÅ› mnie woÅ‚aÅ‚? :P https://t.co/J5Vkweay4Z,871989726013739009,
2018-02-07 17:46:13,"Me parece muy positiva la inclusiÃ³n de los paÃ­ses balcÃ¡nicos en la #UE que proponen @JunckerEU y @FedericaMog Eso si, deben cambiar mucho.",1488736524,
2018-02-07 17:46:10,Se repiten problemas aunque Skov parece poder darle la opciÃ³n de salir mediante arrancadas. Parece buen recambio paâ€¦ https://t.co/65BB29dPwY,1131223417,
2018-02-07 17:46:10,"@ardilla531 @Shareaholic Si, si como el Convenio que habeis firmado con ellos con salario anual de poco mas de 10.000â‚¬",907917110084599809,
2018-02-07 17:46:10,RT @soywebmaster: ğŸ”¥MEGA GUÃAğŸ”¥ CÃ³mo montar una ğŸš€ PBN ğŸš€ ğŸ˜± Â¡Paso a Paso! ğŸ‘‰ğŸ‘‰ https://t.co/OhmXcIJ5I1,107234832,
2018-02-07 17:46:08,"SeÃ±ores del PP la sociedad reclama la enmienda para impedir los indultos para los delitos de CORRUPCIÃ“N, listillos.â€¦ https://t.co/tlBmDadxJx",537489312,
2018-02-07 17:46:08,RT @RiberaAtletico: 1Âª parte (441 fotos) del Ã¡lbum de Jose Miguel Elizondo del Campeonato Navarro Cross Largo 2018 TUDELA â¡ï¸https://t.co/Guâ€¦,3001133993,
2018-02-07 17:46:06,@1307_99  https://t.co/OTr1Oc4aa7,791644974018330624,
2018-02-07 17:46:04,"RT @CadenaSERSoria: El bilingÃ¼ismo en los colegios no funciona
 https://t.co/IndFCtzGsr vÃ­a @La_SER",2299690216,
2018-02-07 17:46:04,@RaholaOficial quin fÃ stic.,901019681867407360,
2018-02-07 17:46:03,"RT @MBLLEONA: Buenos dias madrugadores...cafÃ© con besosâ˜•ğŸ˜˜
#FelizMiercoles https://t.co/lNhazsRX1y",911390391278215173,
2018-02-07 17:45:59,"#Live #Stream á»Ÿ Má»¹ 07/2/2018 - #Há»asá»¹ dá»¥ng Ä‘Ã´i chÃ¢n mÃ¬nh táº¡o nhá»¯ng bá»©c tranh lá»›n trÃªn #tuyáº¿t
#TinTucMy,â€¦ https://t.co/BtuFjZvcJq",858145989118623744,
2018-02-07 17:45:58,@GuachipelinCR y al spa despuÃ©s de que lo bote el torito,25561495,
2018-02-07 17:45:52,"@InfinityLoL989 y yo hemos tenido una partida muy didactica de Lol ahora mismo, se podria ver la replay perfectamenâ€¦ https://t.co/EZ0mYnwHkc",750680901982384128,
2018-02-07 17:49:49,"è‡ªåˆ†å‹æ‰‹ã§ã‚ãŒã¾ã¾ãªè€ƒãˆã¯ã€ãŸãŠã™ã®ãŒé›£ã—ã„ã€‚
ãã®å­˜åœ¨ã«æ°—ã¥ãåŠ›ã¯ã€æ€ªç‰©ã‚’ç…§ã‚‰ã™ãƒ©ã‚¤ãƒˆã€‚
ã‚„ã‚Šã¨ã’ã‚ˆã†ã¨ã™ã‚‹å¼·ã„æ°—æŒã¡ã¯ã€æ€ªç‰©ã‚’å€’ã™å‰£ã€‚
ãã®ãµãŸã¤ã‚’æŒã¤ã“ã¨ãŒã€ã¨ã¦ã‚‚å¤§åˆ‡ã€‚",846745010,
2018-02-07 17:49:48,@JulioGonzlezSn1 PrimperÃ¡n = No vomitas.,210361370,
2018-02-07 17:49:43,"RT @egiocentrica: Que sea normativa me la suda

La sociedad y otros factores hicieron que en un tiempo de mi vida no me aceptase asÃ­ que loâ€¦",317312565,
2018-02-07 17:49:39,#Noticias #AragÃ³n Will Smith 'trolea' a su hijo Jaden en Instagram https://t.co/aOLbYzUM3r https://t.co/j33DZotReB,4730126175,
2018-02-07 17:49:37,"RT @PodemosAragon: ğŸ”´ Es hora de parar el reloj.â°
 #Noalica
 Nadie deberÃ­a dejar de ver estoğŸ‘‡ https://t.co/S7EJjV8Jih",2817990810,
2018-02-07 17:49:37,#Medical #marijuana #for #Sale #Online:- You will get medical Marijuana for sale online from the Marijuana dispensaâ€¦ https://t.co/wogGON3COW,924529467497897985,
2018-02-07 17:49:36,RT @Cs_Aragon: ğŸ‘®â€â™‚ï¸ @SusanaGaspar_Cs ha presentado hoy una iniciativa en Cortes pidiendo la #EquiparacionYaSinExcusas de la @Policia y la @â€¦,375749824,
2018-02-07 17:49:32,"#LaCultura refleja la violencia que hay en la calle, pero #LaCalle no refleja la violencia que hay en la Cultura.",21735237,
2018-02-07 17:49:28,@sergi__22 Tajo triste lo nuestro e,297592364,
2018-02-07 17:49:28,"El Piagordo en nÃ­vea majestuosidad... en Andorra, Aragon, Spain https://t.co/DCfSmkDQwJ",1335232284,"{u'type': u'Point', u'coordinates': [40.9667, -0.433333]}"
2018-02-07 17:49:26,RT @sandraandresb: Cuando las palabras del #libro que estÃ¡s escribiendo arden porque tÃº #corazÃ³n ya las conoce... https://t.co/uTCwgqdHbJ,191103932,
2018-02-07 17:49:25,La gente que le gusta fardar de tener buena ropa suele ser por exceso de superficialidad,2239364540,
2018-02-07 17:49:24,ã†ã—ï¼ï½—,890991029700018176,
2018-02-07 17:49:23,RT @egiocentrica: https://t.co/BxmXBBbCmg,317312565,
2018-02-07 17:49:18,RT @egiocentrica: https://t.co/ms80AH2vMB,317312565,
2018-02-07 17:49:17,"RT @IUCAunizar: No dejes pasar la oportunidad de ver la exposiciÃ³n 'Â¿Hay Alguna CientÃ­fica en la Sala?' del @IPE_CSIC , que estarÃ¡ hasta elâ€¦",1150624886,
2018-02-07 17:49:16,"RT @ProyectoCesAra: Mucha gente, en lugares pequeÃ±os y haciendo cosas pequeÃ±as pueden cambiar el mundo! Y que razÃ³n tiene esta... https://tâ€¦",1061064404,
2018-02-07 17:49:15,Panas  #MUFC,2512619034,
2018-02-07 17:49:15,ğŸ˜ŸğŸ˜ŸğŸ˜Ÿ https://t.co/qwZOYhffWb,1267191031,
2018-02-07 17:49:15,"@europapress SÃ­, como por ejemplo crear guÃ­as para enseÃ±ar a los chavales como tienen que meterse las rayas. @PedroSantisteve @zaragoza_es",243420802,
2018-02-07 17:49:15,@nuriasaja @ElBarselono @miquelstrubell ya esta... https://t.co/eyvgkKhV14,2945996073,
2018-02-07 17:49:14,@Saru__Smile Has entendido la referencia ğŸ˜‚,2908344399,
2018-02-07 17:49:14,"RT @Lavinia2114: Se for um sonho lindo nÃ£o quero acordar, prefiro acreditar que vocÃª tÃ¡ aqui me enchendo de beijos sÃ³ pra me acordar, me faâ€¦",363220958,
2018-02-07 17:49:13,"RT @RiberaNavarraFS: ğŸ“¸ El Club Ribera Navarra FS, en la presentaciÃ³n de la Escuela #CintruÃ©nigo FÃºtbol Sala. Una maravilla que mÃ¡s de 100 nâ€¦",889844464323350528,
2018-02-07 17:49:12,ğŸ‘ğŸ¼ğŸ‘ğŸ¼ğŸ‘ğŸ¼ https://t.co/XEUgLL0fCC,619846758,
2018-02-07 17:49:09,"Â¿QuÃ© crisis ni quÃ© crisis?, el que no trabaja es porque no quiere... https://t.co/dQrdbxvseH",786475080897339393,
2018-02-07 17:49:07,â€œEn la orwelliana 1984 esa sociedad era consciente de que estaba siendo dominada; hoy no tenemos ni esa conscienciaâ€¦ https://t.co/gzL3QktyfE,58598355,
2018-02-07 17:49:07,Â¡Praga! https://t.co/7CNzZApoT3,348987511,
2018-02-07 17:49:05,RT @RTn_Aragon: #Noticias #AragÃ³n CSIF critica el plan de bilingÃ¼ismo https://t.co/aSMg3VXDKC https://t.co/BnQa00ib0g,2299690216,
2018-02-07 17:49:04,RT @OregonTv: El maÃ±o mayor ayudÃ³ a cientos de oregoneses a recobrar su identidad. #OregonTV400 https://t.co/2rvHJeQyRu,252133757,
2018-02-07 17:49:04,"RT @jusapolaragon: Somos apolÃ­ticos y asindicales, ahora, tontos NO! @CiudadanosCs ha iniciado campaÃ±a en Twitter con el hashtag #Equiparacâ€¦",896890576498552834,
2018-02-07 17:49:03,"RT @egiocentrica: â¤ para q vayamos juntos q mis amigos no me quieren 

@Recycled_J @CHEB_RU https://t.co/84VBzZs5al",317312565,
2018-02-07 17:49:03,Cuando las palabras del #libro que estÃ¡s escribiendo arden porque tÃº #corazÃ³n ya las conoce... https://t.co/uTCwgqdHbJ,35197240,
2018-02-07 17:48:59,@ZassCometro @alfonso_ussia @PabloMM Y ya nos volviÃ³ a salir la ETA ğŸ¤¦â€â™€ï¸ğŸ¤¦â€â™€ï¸ğŸ¤¦â€â™€ï¸,290565666,
2018-02-07 17:48:59,RT @egiocentrica: Cualquiera es guapa con filtros jaja att: vosotros https://t.co/Ps5sqr6iPb,317312565,
2018-02-07 17:48:58,Me he comprado una parka que es como llevar encima el trÃ³pico...,197114614,
2018-02-07 17:48:57,Lo peor es que voy en el bus hay un chico que huele genial y sÃ© quiÃ©n es el chicoğŸ˜‚ğŸ˜‚ğŸ˜‚ pero el no sabe quiÃ©n soy yo,792851607532756997,
2018-02-07 17:48:57,RT @egiocentrica: Uno de los findes mÃ¡s increÃ­bles de mi vida??? #goya2018 @PremiosGoya https://t.co/XESbzemgav,317312565,
2018-02-07 17:48:56,Mitja claror de Lily Brik a la galeria Espai Cavallers. Lyly Brik at Espai Cavallers Art galleryâ€¦ https://t.co/iDTcRgsT2i,2214433147,
2018-02-07 17:48:51,"Ready to enjoy the moon ... ğŸŒ› @benefitspain âœ¨ en Tudela, Navarra, Spain https://t.co/QuSWmmvvRV",300683269,"{u'type': u'Point', u'coordinates': [42.0833, -1.6]}"
2018-02-07 17:48:49,RT @ZGZmiciudad: Renfe lanzarÃ¡ en 2019 un nuevo AVE de bajo coste llamado EVA para el trayecto Madrid-Barcelona. En Zaragoza y AragÃ³n NO HAâ€¦,4483332627,
2018-02-07 17:48:45,siempre que estoy estudiando me entran ganas de cantar,758621209886134272,
2018-02-07 17:48:43,"@uptnhrlmb Yes, if he existed!!! God that is when we God less Apes @rickygervais",2810266466,
2018-02-07 17:48:43,"RT @TereTeresuki: ""La gente inteligente no se ofende, ellos sacan conclusiones"".  #HÃ©rculesPoirot",2917629898,
2018-02-07 17:48:43,El problema es que le preocupa mÃ¡s frenar a Ciudadanos que la situaciÃ³n de CataluÃ±a https://t.co/Xuqov4mD8E,372291020,
2018-02-07 17:48:42,"Vivimos en un paÃ­s en el que estÃ¡ permitido que te exploten laboralmente a partir de los 16, pero eres demasiado joâ€¦ https://t.co/GiVAam9cKc",179503167,
2018-02-07 17:48:39,RT @egiocentrica: QuÃ© opinÃ¡is de que el Ayto de Zaragoza publique una guÃ­a sobre las drogas en la que dice cosas como que tengas cuidado coâ€¦,317312565,
2018-02-07 17:48:36,RT @akanefeatjohnny: I want to kiss @alderbluee https://t.co/CdCqdIAWE9,747247388,
2018-02-07 17:48:34,"RT @CHACK75: 7. Oh, no!!! Que me denuncian los demÃ³cratas. Pedir la baja sindical es legal, lo sabÃ­ais?? Pues ya lo sabÃ©is. No se ha obligaâ€¦",4775278013,
2018-02-07 17:48:31,"â€œLa filosofÃ­a tiene un carÃ¡cter 'holÃ­stico'. Se centra en el estudio de conceptos como saber, verdad, representar""â€¦ https://t.co/jfnaBDbvA3",820957060460412932,
2018-02-07 17:48:29,"RT @egiocentrica: Os molesta si esa persona (indiferentemente de si es pareja, lÃ­o o quien os gusta) os hace comentarios tipo cuÃ¡nto le ponâ€¦",317312565,
2018-02-07 17:48:27,@LivinLifeZay @sceneboyvarcee He ain't have to do her like that ğŸ˜­ğŸ˜­ğŸ˜‚,308763349,
2018-02-07 17:48:24,"RT @jusapolsoria: Muchas gracias @sorianoticias por vuestra difusiÃ³n y apoyo
#EquiparacionYa
@jusapol #GraciasSoria https://t.co/lqFCjZJawJ",896890576498552834,
2018-02-07 17:48:22,"RT @jusapolaragon: Somos apolÃ­ticos y asindicales, ahora, tontos NO! @CiudadanosCs ha iniciado campaÃ±a en Twitter con el hashtag #Equiparacâ€¦",923324084,
2018-02-07 17:48:21,"RT @euroPxl: â–¶ï¸ |  #OTDirecto6F | Este es el momento en el que AMAIA se presentaba al casting de @OT_Oficial.
â¡ï¸â¡ï¸ğŸ“¹: @HectorAlabadi
https:/â€¦",949287078411501569,
2018-02-07 17:48:20,"RT @jusapolaragon: Somos apolÃ­ticos y asindicales, ahora, tontos NO! @CiudadanosCs ha iniciado campaÃ±a en Twitter con el hashtag #Equiparacâ€¦",929095093935538178,
2018-02-07 17:48:18,Por esto y por muchas mÃ¡s razones #HuelgaFeminista8M https://t.co/aSl4l7ko7V,290565666,
2018-02-07 17:48:18,@frecklednose Lo sÃ©. A mÃ­ tampoco.,21553966,
2018-02-07 17:48:16,"Me encanta la colonia de hombre ğŸ˜ os lo juro, me puede y me pierde",792851607532756997,
2018-02-07 17:48:14,@rickap22 @Vvasilyy_ @p4rs3ks @DavidNamuche @RAntiespecistas @fati_sirvent Te queda mucho que aprender pequeÃ±o saltamontes!!,541105638,
2018-02-07 17:48:09,Are We Sure the Cavs Shouldn't Trade LeBron James? https://t.co/GClXaNhFsc,319799299,
2018-02-07 17:48:07,"4-Star QB Tanner McKee Commits to Stanford over Alabama, Texas, More https://t.co/FhRK1cupkK",319799299,
2018-02-07 17:48:06,I liked a @YouTube video https://t.co/tSDtCuZDwr Ğ“ĞĞ™Ğ”: Ğ Ğ•Ğ¢Ğ Ğ-ĞšĞĞĞ¡ĞĞ›Ğ˜. ĞĞĞ”Ğ Ğ‘Ğ ĞĞ¢Ğ¬!,506909628,
2018-02-07 17:48:05,@alberconejero somo la radio autonÃ³mica de AragÃ³n. Â¿Nos sigues y hablamos por privado? Nos gustarÃ­a entrevistarte eâ€¦ https://t.co/hvcBQNEKpx,761518690315673600,
2018-02-07 17:48:01,"RT @velasc_alberto: Lo mejor para la democracia serÃ­a cerrar TV3. 
Lo mejor para la democracia es no dejar votar.
Lo mejor para la democracâ€¦",130151534,
2018-02-07 17:47:59,"RT @hoy_aragon: ""El asco estÃ©tico que me produce la contemplaciÃ³n del binomio que han formado el juez Juan Alberto Belloch y el imputado Agâ€¦",892113858801938432,
2018-02-07 17:47:55,"RT @jusapolaragon: Somos apolÃ­ticos y asindicales, ahora, tontos NO! @CiudadanosCs ha iniciado campaÃ±a en Twitter con el hashtag #Equiparacâ€¦",958266029402214400,
2018-02-07 17:47:51,"@LonjaBinefar 07 de febrero. Machos cruzados, hembras y frisones de +220kg canal, repiten. Frisones de -220kg canalâ€¦ https://t.co/rq5rHcMrAs",481956285,
2018-02-07 17:47:50,@AnimaL_Fan_Club incredible!!!!,3052215043,
2018-02-07 17:47:44,@Gedo_Hime @00zask00 GanÃ³ @SmoothArkano ahhh no parÃ¡ :v,955788134343725056,
2018-02-07 17:47:43,"@Ninjxdeclozet @Bombolbitch Ella y yo asaltando los puestos de comida, Sin pedos.",958010031651213313,
2018-02-07 17:47:43,A tope con esto. https://t.co/CXTaWUL908,179503167,
2018-02-07 17:47:42,Un britÃ¡nico negro de hace 10.000 aÃ±os https://t.co/OpBtHcuMQf #Ciencia #mÃ³vil,2151562792,
2018-02-07 17:47:39,"RT @jusapolsoria: Muchas gracias @sorianoticias por vuestra difusiÃ³n y apoyo
#EquiparacionYa
@jusapol #GraciasSoria https://t.co/lqFCjZJawJ",1671326491,
2018-02-07 17:47:38,@jusapolaragon @CiudadanosCs @Cs_Aragon @susanagaspar_cs @MGutierrezCs @sarafernandezcs @RodrigoGomGar @CsCongresoâ€¦ https://t.co/R1bvCNU2Kc,958266029402214400,
2018-02-07 17:47:37,"RT @torreciudad_org: Dice @sJosemaria en el punto 262 de Forja: â€œHas de orar siempre, siempre. -Has de sentir la necesidad de acudir a Diosâ€¦",1723463833,
2018-02-07 17:47:36,å¤¢ã‚„ç›®æ¨™ã«å‘ã‹ã£ã¦é ‘å¼µã£ã¦ã„ã‚‹äººã¨æ¥ã™ã‚‹ã®æœ¬å½“ã«æ¥½ã—ã„ã€‚è¡Œãå…ˆãŒæ±ºã¾ã£ã¦ã„ã‚‹äººã¯ä¾‹ãˆè»¢ã‚“ã§ã‚‚é“ã‚’é€¸ã‚Œã‚‹ã“ã¨ãŒãªãã¦ã€æ­©ã¿ã®é€Ÿã„é…ã„ã¯ã‚ã‚‹ã«ã›ã‚ˆã€ã„ã¤ã‚‚å‰ã‚’å‘ã„ã¦ã„ã‚‹ã‚“ã ã‚ˆãªã€‚,570817112,
2018-02-07 17:47:33,#UnoDiNoi Malcom Filipe Silva de Oliveira @llobregatbib #L #rcde https://t.co/ecwLsPTxpD,2763993350,
2018-02-07 17:47:33,RT @mondoiberica: Â¡Tiquitaca kazajo en la @UEFAFutsal! https://t.co/2rraV6ojFE,282803033,
2018-02-07 17:47:32,RT @jusapolaragon: @anadebande @jusapol @PPopular @elenabastidasb @jaimedeolano @GPPopular @martintoledano @ChiquilloBarber @Richard_Pinaulâ€¦,91753439,
2018-02-07 17:47:32,@superpoderes_ Ese es otro tema!,253175340,
2018-02-07 17:47:31,RT @mondoiberica: Â¡Tiquitaca kazajo en la @UEFAFutsal! https://t.co/2rraV6ojFE,281927149,
2018-02-07 17:47:30,"Estem en ple visionat del diabÃ²licament malaltÃ­s curtmetratge ""In Absentia"" dels germans Quay, i construit al voltaâ€¦ https://t.co/3YY7jEvmbF",103032441,
2018-02-07 17:47:28,"RT @TereTeresuki: Dicen que si continuas
AlgÃºn un lugar llegarÃ¡s,
Debe hacer falta
Bastante caminar..... #Bunbury https://t.co/zCmxdev16a",2917629898,
2018-02-07 17:47:27,"RT @__Kylene: Cuando alguien te habla de su discapacidad no te estÃ¡ retando ni intentando darte pena, te estÃ¡ dando herramientas para que tâ€¦",475866765,
2018-02-07 17:47:25,Programa la fiera de mi niÃ±a. 27/01/2009. IES Tiempos Modernos https://t.co/tjS74vfFu8 vÃ­a @YouTube,229989118,
2018-02-07 17:47:25,Si es que el que no trabaja es porque no quiere. https://t.co/OYfknJJIlQ,786475080897339393,
2018-02-07 17:47:17,"AragÃ³n cierra un aÃ±o histÃ³rico para el #turismo con 3,7 millones de viajeros: 
https://t.co/06G3FxjZVR",614254368,
2018-02-07 17:47:14,RT @RetroCabeza: Cuando oigo hablar de la comunidad tÃ³xica no sÃ© a quÃ© se refieren. En mi muro y en mi canal sois todos la caÃ±a. Gracias poâ€¦,714144947490914304,
2018-02-07 17:47:10,"@Nanisimo Ya, como Whatsapp Status , pero POR QUÃ‰ EMPIEZA A USAR LA GENTE LOS STORIES DE FACEBOOK? Me preocupa",21553966,
2018-02-07 17:47:10,ãƒ„ã‚¤ç¦ã™ã‚‹ã‚“ã§...ã¨ã‹è¨€ã£ã¨ã„ã¦ãŸã¾ã«Twitteræ¥ã‚‹ã‚„ã¤,627459966,
2018-02-07 17:47:08,"RT @o_sarvi: Todo preparado para participar en la Jornada de InnovaciÃ³n de Lleida ""Thinking to learn"" junto a @RobertSwartz2. https://t.co/â€¦",3331886345,
2018-02-07 17:47:06,"@faco99cc9 No era un ""no estoy bien"" de que estÃ© loca, si no de que me ha dado mucha penita y era una paranoia ğŸ’”",317312565,
2018-02-07 17:47:03,"Muchas gracias @sorianoticias por vuestra difusiÃ³n y apoyo
#EquiparacionYa
@jusapol #GraciasSoria https://t.co/lqFCjZJawJ",924367788050931714,
2018-02-07 17:47:02,"RT @CONSTRUIDOS: El actual estado EdpaÃ±ol, es insensible ante el dolor del pueblo, insensible ante sus necesidades. ES "" Pan para hoy y hamâ€¦",317512624,
2018-02-07 17:47:02,@DECENTMIKE25 go to school,516149046,
2018-02-07 17:46:59,Pesarrodona (ERC) es nega a declarar i denuncia persecuciÃ³ de la GuÃ rdia Civil per la foto amb el nas de pallasso https://t.co/z99lVtwVms,915081494,
2018-02-07 17:46:47,@davidbisbal FuÃ© una visita maravillosa David estuviste genial seguro que ellos tampoco lo olvidan ğŸ”ğŸ¶ğŸ’™ #LoveU #SiempreContigo,118738000,
2018-02-07 17:46:46,@elsa_artadi @boixserra I inaudit!,125767913,
2018-02-07 17:46:44,"RT @JuanFerrerVila: Cine porque sÃ­: â€œThe Most Dangerous Gameâ€ (1932) Ernest B. Schoedsack, Irving Pichel. https://t.co/Bmda0j9W7b",3257903995,
2018-02-07 17:51:47,@AGarciaBasket @JuanPelegrin @DaniAguelo @javimercadal @titincu @LuisAlNoriega Se vio a Cargol probar cosas diferenâ€¦ https://t.co/vZnOkwAU9J,1861402260,
2018-02-07 17:51:46,https://t.co/pq8bdh6gDo,1639984344,
2018-02-07 17:51:46,Ponedle un filtrillo melancÃ³lico https://t.co/NwA8zxn2Ke,317312565,
2018-02-07 17:51:45,https://t.co/FQjkfP5Hzg,1639984344,
2018-02-07 17:51:43,https://t.co/OGgMDtF514,1639984344,
2018-02-07 17:51:43,"RT @PodemosAragon: ğŸ”´ Es hora de parar el reloj.â°
 #Noalica
 Nadie deberÃ­a dejar de ver estoğŸ‘‡ https://t.co/S7EJjV8Jih",931740428,
2018-02-07 17:51:42,https://t.co/DGJyTCmhtD,1639984344,
2018-02-07 17:51:41,"RT @Lleida_Esportiu: ğŸ“¸ Avui l'equip ha fet un dinar d'agermanament per fer pinya! ğŸğŸ

â–¶ï¸ https://t.co/zREVbsJxO1

#SenzillamentBlau https:/â€¦",3795916816,
2018-02-07 17:51:41,"RT @heraldoes: El cruce de VÃ­a Hispanidad con GÃ³mez Laguna, el punto con mÃ¡s trÃ¡fico de la ciudad https://t.co/9YsjJQ4myl https://t.co/aj3hâ€¦",2949935350,
2018-02-07 17:51:40,"Nos prometÃ­an Ãtaca, decÃ­an que no marcharÃ­a las empresas. Ya. https://t.co/9yQkxesTUs",372291020,
2018-02-07 17:51:40,"@davidbisbal Les hablaste de todo lo posible, les diste consejos y sobre todo, les transmitiste cariÃ±o! Se emocionaâ€¦ https://t.co/HdWuRpYfKH",876377955190132737,
2018-02-07 17:51:40,https://t.co/MQrplI4e04,1639984344,
2018-02-07 17:51:38,https://t.co/IGYlrBcsyh,1639984344,
2018-02-07 17:51:37,https://t.co/aMt0pKY7Bw,1639984344,
2018-02-07 17:51:35,https://t.co/I1dCaoSvr3,1639984344,
2018-02-07 17:51:34,https://t.co/FrBXojvk73,1639984344,
2018-02-07 17:51:32,https://t.co/CEjLYv8niw,1639984344,
2018-02-07 17:51:32,"RT @ajo041: @MGutierrezCs @interiorgob @policia @guardiacivil Dejen de menospreciar a los policÃ­as y guardias civiles, que se ha creido seÃ±â€¦",1275844357,
2018-02-07 17:51:31,ğŸ”´ Registramos iniciativa para combatir obesidad fomentando el consumo de agua de grifo ğŸš° en hostelerÃ­a y centros deâ€¦ https://t.co/KwzDl0ueX4,805238214,
2018-02-07 17:51:31,RT @Cs_Aragon: ğŸ‘®â€â™‚ï¸ @SusanaGaspar_Cs ha presentado hoy una iniciativa en Cortes pidiendo la #EquiparacionYaSinExcusas de la @Policia y la @â€¦,959871497895661569,
2018-02-07 17:51:31,https://t.co/FxfOLWEe4y,1639984344,
2018-02-07 17:51:29,https://t.co/t2m6FLruGx,1639984344,
2018-02-07 17:51:28,https://t.co/5XYCqsqVon,1639984344,
2018-02-07 17:51:28,RT @jusapolsoria: @MGutierrezCs @interiorgob @policia @guardiacivil Gracias @MGutierrezCs por vuestro apoyo y por no dejar que la #Equiparaâ€¦,4775278013,
2018-02-07 17:51:27,@IESAvempace quÃ© majos los extras!!!!! AsÃ­ SÃ!!! Gracias chavaladaaa!!! #elsilencio https://t.co/BEmGZr0GbP,960552929353764869,
2018-02-07 17:51:24,@Lch1LicheoneWcs @pernandobarrena @EduardBiosca Me sembla perfecte. Ho fem per comarques o municipis? Tambe poden tâ€¦ https://t.co/BFp4f2dxHn,763377235151687680,
2018-02-07 17:51:22,RT @alexgallar11: OjalÃ¡ este dÃ­a no tuviera que existir. Mucha fuerza a tod@s l@s que luchan contra el cÃ¡ncer. #DiaMundialContraElCancer htâ€¦,2597405026,
2018-02-07 17:51:21,RT @SERLleida: Escolta l'entrevista a l'atleta @RaularenasIsaac que vol recÃ³rrer els 180 km que separen el port de la #Bonaiga de #TÃ rregaâ€¦,2196701440,
2018-02-07 17:51:20,RT @jusapolsoria: @MGutierrezCs @interiorgob @policia @guardiacivil Gracias @MGutierrezCs por vuestro apoyo y por no dejar que la #Equiparaâ€¦,892143701803368448,
2018-02-07 17:51:14,"í•¨ë¶€ë¡œ ìì‹ ì˜ ì—°ì•  ìƒí™œì„ ë§í•˜ê³  ë‹¤ë‹ˆë©´ ê´€ê³„ê°€ ìœ„í—˜í•´ì§ˆ ìˆ˜ë„ ìˆìŠµë‹ˆë‹¤.
ì•„ì§ ìš°ë¦¬ë‚˜ë¼ëŠ” ë™ì„±ì• ê°€ ê·¸ë‹¤ì§€ í™˜ì˜ ë°›ì§€ ì•ŠëŠ” ë‹¤ëŠ”ê±¸ ê¼­ ê¸°ì–µí•˜ì„¸ìš”.",892656937,
2018-02-07 17:51:13,@Oghma_EM Part of what sold me on the house :),129434729,
2018-02-07 17:51:09,"@HPSupportESP Tengo problemas con la baterÃ­a, principalmente porque cuando esta desciende hasta el 50% mÃ¡s o menosâ€¦ https://t.co/58Oyr9MbR0",758711303737335808,
2018-02-07 17:51:08,"Es repugnante hasta decir basta,pero verÃ¡s a las Feminazis protestar ni decir nada pero entrar en una iglesia Tetasâ€¦ https://t.co/rJLAwpXRMo",1170091104,
2018-02-07 17:51:06,"RT @jusapolaragon: Somos apolÃ­ticos y asindicales, ahora, tontos NO! @CiudadanosCs ha iniciado campaÃ±a en Twitter con el hashtag #Equiparacâ€¦",1275844357,
2018-02-07 17:51:05,"RT @jusapolaragon: Somos apolÃ­ticos y asindicales, ahora, tontos NO! @CiudadanosCs ha iniciado campaÃ±a en Twitter con el hashtag #Equiparacâ€¦",892143701803368448,
2018-02-07 17:51:04,Curset de comunicaciÃ³ a travÃ©s del mÃ²bil. Inscripcions fins a l'11 de febrer! https://t.co/CopyNj0WYn,800623861473505280,
2018-02-07 17:51:04,"La armonÃ­a de la decoraciÃ³n es clave para sentir tu casa con tranquilidad, sentirte acogido, animado y descansado.â€¦ https://t.co/bUfqqJDCm7",52344271,
2018-02-07 17:51:02,"RT @jusapolaragon: Somos apolÃ­ticos y asindicales, ahora, tontos NO! @CiudadanosCs ha iniciado campaÃ±a en Twitter con el hashtag #Equiparacâ€¦",1092153812,
2018-02-07 17:50:59,RT @Cs_Aragon: ğŸ‘®â€â™‚ï¸ @SusanaGaspar_Cs ha presentado hoy una iniciativa en Cortes pidiendo la #EquiparacionYaSinExcusas de la @Policia y la @â€¦,1452491005,
2018-02-07 17:50:56,QuÃ© hacer en el @PPopular para salirse por la tangente cuando tiene algo que esconder y #Catalunya ya no interesa..â€¦ https://t.co/cj0z20z2bm,290565666,
2018-02-07 17:50:56,"RT @El_Tabarniense: #VikingosTeam Que les den a los ""#PresosPolÃ­ticos""
Yo voy a comer lo que apetezca y sin horario establecido porque disfâ€¦",2993825694,
2018-02-07 17:50:55,Super Toy Cars is racing to its release on Switch on March the 2nd and we're so happy about it! :) https://t.co/JjGrbBw0Ar,283438627,
2018-02-07 17:50:55,"MaÃ±ana preciosa en #terraalta #vilalbadelsarcs mientras contemplÃ¡bamos viÃ±as, olivos y almendrosâ€¦ https://t.co/IMWRGcJ8lL",91132164,"{u'type': u'Point', u'coordinates': [41.1167, 0.416667]}"
2018-02-07 17:50:51,CataluÃ±a no cierra BarnaclÃ­nic y sube 4.000 euros el sueldo de su directora https://t.co/t69M2fLqs7,350402862,
2018-02-07 17:50:50,"No podÃ­a faltar a la Ãºltima pelÃ­cula que va a protagonizar Daniel Day-Lewis

#cineâ€¦ https://t.co/IslszJh3Xs",484256577,
2018-02-07 17:50:46,Hay que ser muy @bbva para negar que una clÃ¡usula es abusiva despuÃ©s de haberla retirado #ClausulaSuelo,8871522,
2018-02-07 17:50:45,Por una Ribagorza sin artÃ­culo https://t.co/qj6GRp1i16,3306883997,
2018-02-07 17:50:43,q nojo,713729319684685829,
2018-02-07 17:50:42,That poor lost soul.,796903989241581572,
2018-02-07 17:50:36,"RT @JuanFerrerVila: Happy Birthday James Spader (born February 7, 1960). https://t.co/ZqbFx7Eyn0",3166447162,
2018-02-07 17:50:36,RT @Info_Lleida: EX LLEIDA | El delantero SALVA CHAMORRO (@salva_chamorro) se incorpora a las filas de la @UDLogrones tras rescindir hace uâ€¦,3795916816,
2018-02-07 17:50:35,"RT @jusapolsoria: Muchas gracias @sorianoticias por vuestra difusiÃ³n y apoyo
#EquiparacionYa
@jusapol #GraciasSoria https://t.co/lqFCjZJawJ",892143701803368448,
2018-02-07 17:50:35,kkkkkkkkkkkkkkkkkkkkkkkkkkkkkkkkkkkkkkkkkkkkkkkkkkkkkk,713729319684685829,
2018-02-07 17:50:32,@emepuntolopez @SashaLexus7 @welobes @floydiano79 @angel411978 @PipimRepipim Sigue soÃ±ando. LlevÃ¡is 4 meses pidiendâ€¦ https://t.co/BduvBNzq1Y,960952935554404353,
2018-02-07 17:50:29,"RT @susanllero: Tirar del hilo en cuanto a las hospitalizaciones en personas mayores:
Cuando menos es mÃ¡s, por @anamarsu en HÃ­bridos
https:â€¦",2562745353,
2018-02-07 17:50:26,"RT @AnnaBotargues: SeÃ±ores del PP la sociedad reclama la enmienda para impedir los indultos para los delitos de CORRUPCIÃ“N, listillos.
Lo dâ€¦",832269378670428160,
2018-02-07 17:50:19,RT @Yanush001: Leave red. Radek alone LEWACKIE KURWY! :P #teamRadek :) https://t.co/aHTN9WvXo0,2420837120,
2018-02-07 17:50:15,"RT @los12linajes: Bye bye Caren,we Will always LOVE you,rhank you https://t.co/JRs1IVJEeC",991582880,
2018-02-07 17:50:09,"@eduardosa26 De nada, Padre de los sueÃ±os. Me alegra que te haya servido.",60666629,
2018-02-07 17:50:07,âš  #SabÃ­euQuÃ¨? L'Observatori de Drets  @grupdincat va celebrar la setmana passada la primera reuniÃ³. Una trobada queâ€¦ https://t.co/lg0iTuQ6z9,213534074,
2018-02-07 17:50:05,@sergipinkman @MNAnoticies @jmangues @elpetitcatala @BeatrizTalegon @Berlustinho @gallifantes @CNICatalunyaâ€¦ https://t.co/B45EEv7LaX,537489312,
2018-02-07 17:50:05,"Se acabaron las aventuras por hoy, ahora toca apalancarse",1915046688,
2018-02-07 17:50:04,Te quiero @InesKidrauhl_97 ğŸ’,1125943188,
2018-02-07 17:50:02,@Perxitaa Y luego ponen vÃ­deos pornos y eso no lo censuran a la  mierda se podÃ­an ir.,813533763040923650,
2018-02-07 17:50:01,@2010MisterChip @LauPalacioDuque Si no tienes con quien ir.. jajaja,532240153,
2018-02-07 17:49:55,"RT @jusapolsoria: Muchas gracias @sorianoticias por vuestra difusiÃ³n y apoyo
#EquiparacionYa
@jusapol #GraciasSoria https://t.co/lqFCjZJawJ",1142388542,
2018-02-07 17:49:54,TodavÃ­a estÃ¡is a tiempo!! https://t.co/ZVsai5u0LF,991582880,
2018-02-07 17:49:53,@iLeoVlogs Hola,953309328580235264,
2018-02-07 17:49:53,"-Justin Bibier es mejor que los AC\DC
+Kiaaaaa!! #Skyrim #NintendoSwitch https://t.co/Crb9m6MSzT",4360867701,
2018-02-07 17:49:50,@Sirsha_art WOW! AMAZING https://t.co/CXrC0cEJ16,2839821676,
2018-02-07 17:49:50,"RT @jusapolaragon: Somos apolÃ­ticos y asindicales, ahora, tontos NO! @CiudadanosCs ha iniciado campaÃ±a en Twitter con el hashtag #Equiparacâ€¦",1142388542,
2018-02-07 17:49:49,"è‡ªåˆ†å‹æ‰‹ã§ã‚ãŒã¾ã¾ãªè€ƒãˆã¯ã€ãŸãŠã™ã®ãŒé›£ã—ã„ã€‚
ãã®å­˜åœ¨ã«æ°—ã¥ãåŠ›ã¯ã€æ€ªç‰©ã‚’ç…§ã‚‰ã™ãƒ©ã‚¤ãƒˆã€‚
ã‚„ã‚Šã¨ã’ã‚ˆã†ã¨ã™ã‚‹å¼·ã„æ°—æŒã¡ã¯ã€æ€ªç‰©ã‚’å€’ã™å‰£ã€‚
ãã®ãµãŸã¤ã‚’æŒã¤ã“ã¨ãŒã€ã¨ã¦ã‚‚å¤§åˆ‡ã€‚",846745010,
2018-02-07 17:49:48,@JulioGonzlezSn1 PrimperÃ¡n = No vomitas.,210361370,
2018-02-07 17:49:43,"RT @egiocentrica: Que sea normativa me la suda

La sociedad y otros factores hicieron que en un tiempo de mi vida no me aceptase asÃ­ que loâ€¦",317312565,
2018-02-07 17:49:39,#Noticias #AragÃ³n Will Smith 'trolea' a su hijo Jaden en Instagram https://t.co/aOLbYzUM3r https://t.co/j33DZotReB,4730126175,
2018-02-07 17:49:37,"RT @PodemosAragon: ğŸ”´ Es hora de parar el reloj.â°
 #Noalica
 Nadie deberÃ­a dejar de ver estoğŸ‘‡ https://t.co/S7EJjV8Jih",2817990810,
2018-02-07 17:49:37,#Medical #marijuana #for #Sale #Online:- You will get medical Marijuana for sale online from the Marijuana dispensaâ€¦ https://t.co/wogGON3COW,924529467497897985,
2018-02-07 17:49:36,RT @Cs_Aragon: ğŸ‘®â€â™‚ï¸ @SusanaGaspar_Cs ha presentado hoy una iniciativa en Cortes pidiendo la #EquiparacionYaSinExcusas de la @Policia y la @â€¦,375749824,
2018-02-07 17:49:32,"#LaCultura refleja la violencia que hay en la calle, pero #LaCalle no refleja la violencia que hay en la Cultura.",21735237,
2018-02-07 17:49:28,@sergi__22 Tajo triste lo nuestro e,297592364,
2018-02-07 17:49:28,"El Piagordo en nÃ­vea majestuosidad... en Andorra, Aragon, Spain https://t.co/DCfSmkDQwJ",1335232284,"{u'type': u'Point', u'coordinates': [40.9667, -0.433333]}"
2018-02-07 17:49:26,RT @sandraandresb: Cuando las palabras del #libro que estÃ¡s escribiendo arden porque tÃº #corazÃ³n ya las conoce... https://t.co/uTCwgqdHbJ,191103932,
2018-02-07 17:49:25,La gente que le gusta fardar de tener buena ropa suele ser por exceso de superficialidad,2239364540,
2018-02-07 17:49:24,ã†ã—ï¼ï½—,890991029700018176,
2018-02-07 17:49:23,RT @egiocentrica: https://t.co/BxmXBBbCmg,317312565,
2018-02-07 17:49:18,RT @egiocentrica: https://t.co/ms80AH2vMB,317312565,
2018-02-07 17:49:17,"RT @IUCAunizar: No dejes pasar la oportunidad de ver la exposiciÃ³n 'Â¿Hay Alguna CientÃ­fica en la Sala?' del @IPE_CSIC , que estarÃ¡ hasta elâ€¦",1150624886,
2018-02-07 17:49:16,"RT @ProyectoCesAra: Mucha gente, en lugares pequeÃ±os y haciendo cosas pequeÃ±as pueden cambiar el mundo! Y que razÃ³n tiene esta... https://tâ€¦",1061064404,
2018-02-07 17:49:15,Panas  #MUFC,2512619034,
2018-02-07 17:49:15,ğŸ˜ŸğŸ˜ŸğŸ˜Ÿ https://t.co/qwZOYhffWb,1267191031,
2018-02-07 17:49:15,"@europapress SÃ­, como por ejemplo crear guÃ­as para enseÃ±ar a los chavales como tienen que meterse las rayas. @PedroSantisteve @zaragoza_es",243420802,
2018-02-07 17:49:15,@nuriasaja @ElBarselono @miquelstrubell ya esta... https://t.co/eyvgkKhV14,2945996073,
2018-02-07 17:49:14,@Saru__Smile Has entendido la referencia ğŸ˜‚,2908344399,
2018-02-07 17:49:14,"RT @Lavinia2114: Se for um sonho lindo nÃ£o quero acordar, prefiro acreditar que vocÃª tÃ¡ aqui me enchendo de beijos sÃ³ pra me acordar, me faâ€¦",363220958,
2018-02-07 17:49:13,"RT @RiberaNavarraFS: ğŸ“¸ El Club Ribera Navarra FS, en la presentaciÃ³n de la Escuela #CintruÃ©nigo FÃºtbol Sala. Una maravilla que mÃ¡s de 100 nâ€¦",889844464323350528,
2018-02-07 17:49:12,ğŸ‘ğŸ¼ğŸ‘ğŸ¼ğŸ‘ğŸ¼ https://t.co/XEUgLL0fCC,619846758,
2018-02-07 17:49:09,"Â¿QuÃ© crisis ni quÃ© crisis?, el que no trabaja es porque no quiere... https://t.co/dQrdbxvseH",786475080897339393,
2018-02-07 17:49:07,â€œEn la orwelliana 1984 esa sociedad era consciente de que estaba siendo dominada; hoy no tenemos ni esa conscienciaâ€¦ https://t.co/gzL3QktyfE,58598355,
2018-02-07 17:49:07,Â¡Praga! https://t.co/7CNzZApoT3,348987511,
2018-02-07 17:49:05,RT @RTn_Aragon: #Noticias #AragÃ³n CSIF critica el plan de bilingÃ¼ismo https://t.co/aSMg3VXDKC https://t.co/BnQa00ib0g,2299690216,
2018-02-08 15:56:00,NUEVO EBOOK DE MMA SPAIN: CHATBOTS. LA VOZ DETRÃS DEL MÃ“VIL https://t.co/ADp3MBq61i vÃ­a @asociacionMKT,195876945,
2018-02-08 15:55:59,"Teach us to pray boldly and often, O Lord; - and then teach us to stop speaking and start listening - as we wait for Your reply. Amen",510299183,
2018-02-08 15:55:59,"Si algÃºn aficionado quiere ir a verlo que vaya a la ECA, que lo han cambiado de ubicaciÃ³n.",221345907,
2018-02-08 15:55:59,"RT @jusapolsoria: ğŸš¨ğŸš¨ğŸš¨DeclaraciÃ³n Institucional por unanimidad en el @Ayto_Soria en apoyo a la #EquiparacionYa, donde hemos estado esta maÃ±aâ€¦",1522703617,
2018-02-08 15:55:56,"RT @jusapolsoria: ğŸ—“15 Sept 2017
ğŸ Palencia 

ğŸ›‘I Mesa por la Equipracion Salarial ğŸ›‘

El Punto Cero de #EquiparacionYa 

ğŸ—“17 Feb 2018
ğŸ Palenciâ€¦",918920111964213249,
2018-02-08 15:55:56,RT @pericochkon: @GuajeSalvaje  https://t.co/wXCIdnmgPx,732239561355632640,
2018-02-08 15:55:53,"RT @arihese: A propÃ³sito, muy fan de la campaÃ±a publicitaria que juega con la obra de Egon Schiele y uno de los lemas de la SecesiÃ³n Vienesâ€¦",219624659,
2018-02-08 15:55:52,@gallifantes @EndesaClientes Jo sÃ³c de @SomEnergia,537489312,
2018-02-08 15:55:51,"@Diegotinahones hostia estÃ¡ como tÃº, no la he visto venirğŸ˜‚",1937636210,
2018-02-08 15:55:51,"RT @JuanFerrerVila: Apocalypse Now intro: The Doors, The End {1979}

https://t.co/ELr9N4h0ET vÃ­a @YouTube 

Buenas noches !!!
Good night !â€¦",1101093085,
2018-02-08 15:55:51,*le da mil paros cardiacos* https://t.co/EKa6sc2cbE,751441511414464512,
2018-02-08 15:55:48,Flipando mucho con la tipa de la CUP q dice q los @mossos ejecutaron sin juicio justo a los terroristas de los atenâ€¦ https://t.co/qvgq96nhfE,13086212,
2018-02-08 15:55:47,A veces el cansancio mental es peor que el fÃ­sico.,790540751973257216,
2018-02-08 15:55:45,å¤œé“ã¯å±é™ºã§ã™ã‹ã‚‰ã€æ°—ã‚’ã¤ã‘ã¦å¸°ã£ã¦ä¸‹ã•ã„ã­(æ„å‘³æ·±)ã€€(çœŸå´èˆª),3191833579,
2018-02-08 15:55:44,ğŸ™ï¸ Os compartimos la participaciÃ³n de nuestro compaÃ±ero @AlbertoPerez_es en la tertulia polÃ­tica de jÃ³venes deâ€¦ https://t.co/sWEcZn9rlb,3351647729,
2018-02-08 15:55:41,"RT @cervezasambar: El @RealZaragoza buscarÃ¡ este domingo un nuevo triunfo ante su aficiÃ³n en La Romareda Â¡No te pierdas el partido, sorteamâ€¦",3214549101,
2018-02-08 15:55:32,RT @sergimulero: El pare interromput pels seus fills durant una entrevista a la BBC guanya el premi a Millor Moment Televisiu del 2017 alsâ€¦,1166121918,
2018-02-08 15:55:31,"RT @anecpd: Â¿Vamos a por las 500k visualizaciones? ğŸ‘€ğŸ’™
#500kSYWLG 

https://t.co/YikZs0Hcjp",827287249800798208,
2018-02-08 15:55:30,Parlem amb la casa d'Extremadura #LTETUA1 https://t.co/BlfM56GscK,161248802,
2018-02-08 15:55:24,RT @sergimulero: El pare interromput pels seus fills durant una entrevista a la BBC guanya el premi a Millor Moment Televisiu del 2017 alsâ€¦,199447650,
2018-02-08 15:55:23,@Catalana35 @MainatJM @Enric_Hernandez Tabernicola Ã©se es el nombre correcto.,2761404910,
2018-02-08 15:55:22,RT @Lavinia2114: Chorar por causa de homem nn Ã© meu forte kkkkkkkkkkkkkkkkkkkkkk,943130683014373377,
2018-02-08 15:55:21,"@Lambird_ Uy uy, dime quÃ© terreno es que me lo apunto",910230586207457280,
2018-02-08 15:55:19,ã‚ã£ãŸã‹ã„,3029932647,
2018-02-08 15:55:13,Agradece el apoyo que han dado al IUCA @GobAragon @unizar y todos los investigadores que lo componen #VJornadasIUCA https://t.co/gJUwzAN2NE,2432022650,
2018-02-08 15:55:12,"@SirRavishRofl à¤®à¥à¤¶à¥à¤•à¤¿à¤² à¤¹à¥ˆ à¤…à¤ªà¤¨à¤¾ à¤®à¥‡à¤² à¤ªà¥à¤°à¤¿à¤¯à¥‡ 
'à¤…à¤šà¥à¤›à¥‡ à¤¦à¤¿à¤¨' à¤¨à¤¹à¥€à¤‚ à¤•à¥‹à¤ˆ à¤–à¥‡à¤² à¤ªà¥à¤°à¤¿à¤¯à¥‡ 
{à¤ªà¥à¤°à¤¥à¤® à¤…à¤§à¥à¤¯à¤¾à¤¯} 
#ModiTumseNaHoPayega 
https://t.co/VI6qKJ6VR0",921602182859968513,
2018-02-08 15:55:11,RT @acampadazgz: RT COFZgz: RT intersindisspp: #NosotrasParamos Por la mejora de las condiciones laborales de las mujeres y el fin de la deâ€¦,422846450,
2018-02-08 15:55:11,"RT @cervezasambar: Preparados para el #JuevesLardero, solo nos falta la longaniza ğŸ¤—ğŸ¤— https://t.co/ixGOFWPoy7",374087271,
2018-02-08 15:55:11,"La liga italiana es una gran liga @Tebasjavier , te recomiendo fichar por ella y asÃ­ de paso nos dejas tranquilos https://t.co/WqRuzGxi9d",4816089497,
2018-02-08 15:55:09,El Centro de Historias @chzgz acoge la #esposiciÃ³n â€œDe #Picasso a #Kapoorâ€. Una muestra que recorre la evoluciÃ³n deâ€¦ https://t.co/2rJeXI3jeh,204265141,
2018-02-08 15:55:08,RT @EstebanNavarroS: Anna Gabriel es Trending Topic porque ha viajado a Venezuela. Otros viajan a menudo a Andorra y a PanamÃ¡ y no se les dâ€¦,232916232,
2018-02-08 15:55:07,"RT @CHACK75: @javiernegre10 Ayer Javier Arenas, hoy Ana VÃ¡zquez Blanco, diputada del PP por Orense, ofendida con Jusapol.
Hoy se ha suicidaâ€¦",937637651166978048,
2018-02-08 15:55:03,"RT @cdnumancia: Â¡Esto no para! 
Pensamos ya en GijÃ³n ğŸ’ªğŸ»
Entrenamiento de hoy: https://t.co/gemTO4HzpX",805449836011069441,
2018-02-08 15:55:02,"RT @NoeliaPerezC: ""El mejor logo es aquel que un niÃ±o puede copiar con el dedo en la arena"" Adrian Frutiger, #MasterMPD #Branding #logotipos",184818599,
2018-02-08 15:55:00,4 Formas de Promocionar un Producto en Redes Sociales [+ Pasos] ğŸ“² https://t.co/OvkztlaWQf via @IreneGciaMart,1964862414,
2018-02-08 15:54:58,"@irenerosillo @IgualdadAnimal Los animales estÃ¡n para lo que estÃ¡n, en ningÃºn caso para que sufran gratuitamente siâ€¦ https://t.co/Po7kzQhOTM",924206549773545472,
2018-02-08 15:54:58,RT @jusapolsoria: El Ayuntamiento de Soria se solidariza con JUSAPOL https://t.co/PvZ7JfJ4vS,2839458802,
2018-02-08 15:54:57,"@Elf4rw3N jajaj, por cierto, a que te recuerda esto?ğŸ™‚
https://t.co/nimnLh4brj",727150200175910912,
2018-02-08 15:54:55,@SyP_tve Somos todos raricos,2795850990,
2018-02-08 15:54:54,"RT @akanefeatjohnny: Happy birthday my angel*:ï½¥ï¾Ÿâœ§

I hope you are having a good day with the members and your familyğŸ’— 

Please stay healthyâ€¦",813453127,
2018-02-08 15:54:53,Ya empezamos https://t.co/32xsIi6ldQ,106406709,
2018-02-08 15:54:49,RT @danicatradio: La FederaciÃ³ Espanyola de Futbol es posa en contacte amb el @Lleida_Esportiu per confirmar si el davanter juvenil @BojanRâ€¦,614366978,
2018-02-08 15:54:48,"y porque en vez de proteger a los futuros y actuales pensionistas, el gobierno se empeÃ±a en proteger el plan de pensiones?",1937636210,
2018-02-08 15:54:40,RT @pparagoncortes: ğŸ“¸ğŸ”µ Escuchamos a @ATorresMillera resumir el papel de las diferentes instituciones de Gobierno en cuanto al retorno de loâ€¦,17618056,
2018-02-08 15:54:38,Chorar por causa de homem nn Ã© meu forte kkkkkkkkkkkkkkkkkkkkkk,1967738328,
2018-02-08 15:54:37,"RT @TRICLab: BebÃ©s #Alpha: Los tecnodependientes del siglo XXI
@SandraDaviu en @TRICLab describe la #generaciÃ³nC: consumidora de contenidoâ€¦",206396279,
2018-02-08 15:54:36,"RT @Clairobscur__: j'ai toujours trouvÃ© les vergetures magnifiques pour moi c'est comme des traces d'eau laissÃ©es dans le sable, un tatouagâ€¦",944632474742685697,
2018-02-08 15:54:30,"@Vontadeh HAHAHAHA. No habÃ­a visto este de Raul, vaya grande",3407181514,
2018-02-08 15:54:17,RT COFZgz: RT intersindisspp: #NosotrasParamos Por la mejora de las condiciones laborales de las mujeres y el fin dâ€¦ https://t.co/gZNSrLQdMJ,300105351,
2018-02-08 15:54:16,RT COFZgz: #NosotrasParamos https://t.co/NeIL7OAYU8,300105351,
2018-02-08 15:54:15,RT COFZgz: RT mujerfabz: La ComisiÃ³n de mujer de FABZ apoya #LaHuelgaFeminista8M en#Aragon el #8M #NosotrasParamos https://t.co/34m54RU8FD,300105351,
2018-02-08 15:54:15,RT COFZgz: RT milucostero: #8M #NosotrasParamos porque las vÃ­ctimas de violencia no tienen acceso a la justicia y eâ€¦ https://t.co/nwitoZfq97,300105351,
2018-02-08 15:54:14,RT COFZgz: RT NosotrasParamos: El #8M #NosotrasParamos Â¡Volvemos a parar el mundo! #2018M #NiUnaMenos #Preparateâ€¦ https://t.co/kB07OmY9LG,300105351,
2018-02-08 15:54:14,RT COFZgz: RT emergentemedio: Mujeres negras se posicionan contra el fin del racismo y por eso #NosotrasParamos https://t.co/az5kD1sgJF,300105351,
2018-02-08 15:54:13,RT COFZgz: RT JuntasCba: #NosotrasParamos por la separaciÃ³n de la iglesia y el Estado #QuienQuieraUnCuraQueSeLoPague,300105351,
2018-02-08 15:54:13,RT COFZgz: RT OM_INTERSINDRM: #NosotrasParamos Â¡Todas a la huelga feminista el prÃ³ximo 8M! Â¡QuÃ© viva la lucha de laâ€¦ https://t.co/9KpFJzNuJZ,300105351,
2018-02-08 15:54:11,RT @Miguel__Jaime: #AragÃ³nQuiereEVA @chunta #DespiertaAragÃ³n https://t.co/YifiQgXHzN,1438687717,
2018-02-08 15:54:09,RT @Marivichacon: Preparem el dia de la RÃ dio amb alumnes del Cicle de Video Deejay inscaparrella @EmiliGrauâ€¦ https://t.co/p178bNfxTA,701249935,
2018-02-08 15:54:08,@AsierSesa @IvanGomezRoa Pero con cariÃ±oğŸ˜Š,2963789212,
2018-02-08 15:54:07,@Elf4rw3N  https://t.co/RP5tg3Tcao,727150200175910912,
2018-02-08 15:54:07,"@emepuntolopez @maiolichinus @MariaJamardoC Independentistas no son, por mucho que se consideren neutrales. Â¿Entoncâ€¦ https://t.co/kvjdxI8bu9",232377827,
2018-02-08 15:54:07,#NEVADA nivel ROJO en #TE_V8211 (pk 8 al 22 ambos sent.) EJULVE #DGTTeruel #DGT https://t.co/YJdPVGY02A,974022020,"{u'type': u'Point', u'coordinates': [40.77669525, -0.56665361]}"
2018-02-08 15:54:06,"RT @jusapolsoria: ğŸš¨ğŸš¨ğŸš¨DeclaraciÃ³n Institucional por unanimidad en el @Ayto_Soria en apoyo a la #EquiparacionYa, donde hemos estado esta maÃ±aâ€¦",2859084267,
2018-02-08 15:54:00,"RT @neocruzado: ""Putos cristianitos antiblancos adorando a un judÃ­o flacucho, no como yo, que finjo creer en un Dios extranjero y anti hispâ€¦",949762725147791361,
2018-02-08 15:53:59,https://t.co/bKSB3BM4vH,3297692613,
2018-02-08 15:53:58,"RT @Clairobscur__: j'ai toujours trouvÃ© les vergetures magnifiques pour moi c'est comme des traces d'eau laissÃ©es dans le sable, un tatouagâ€¦",932564578378141697,
2018-02-08 15:53:57,@helina_arena #ProblemasDelPrimerMundo,2254816795,
2018-02-08 15:53:56,RT @pparagoncortes: ğŸ“¸ğŸ”µ Escuchamos a @ATorresMillera resumir el papel de las diferentes instituciones de Gobierno en cuanto al retorno de loâ€¦,151281359,
2018-02-08 15:53:55,@AsierSesa @IvanGomezRoa No tiene lugar en la tierra donde esconderse,2963789212,
2018-02-08 15:53:54,Treasure Adventure World https://t.co/KJ5Q9FJ3eh https://t.co/FlHhQGZjg5,913106435176898570,
2018-02-08 15:53:49,RT @RogerHeredia83: Avui a la @SERCatalunya @RadioMoradEbre hem analitzat el present i futur de les polÃ­tiques de memÃ²ria a Catalunya i hemâ€¦,103940524,
2018-02-08 15:53:48,El pare interromput pels seus fills durant una entrevista a la BBC guanya el premi a Millor Moment Televisiu del 20â€¦ https://t.co/YBNeraHvHs,106167871,
2018-02-08 15:53:44,"#Carretera entre #Almacelles i #AlfarrÃ s, entres en #Aragon un desastres per uns pocs km! Ni pintat i ple de foratsâ€¦ https://t.co/TW6Rp9bgrc",160504765,
2018-02-08 15:53:42,RT @museojaca: Â¡Os esperamos a todos el viernes! https://t.co/1X9t3ve1i5,2432554452,
2018-02-08 15:53:36,"Angry feminist.
https://t.co/eDUuwWGI1T",870026941528776704,
2018-02-08 15:53:35,Encantats i desitjant tornar https://t.co/U7Y49j98SO,1842754602,
2018-02-08 15:53:34,Guasa si tiene y despuÃ©s se queja cuÃ¡ndo el saliÃ³ cÃ³mo un cobarde eso si a todo lujo https://t.co/mOLsWB7tgn,1170091104,
2018-02-08 15:53:31,Quelle mauvaise foi starf si je dois dire adieu câ€™est parce que je voyage et que je rencontre des gens gÃ©niaux donc c bien non?,42683739,
2018-02-08 15:53:29,"@GuiriEnTabarnia @CatalanNation @KRLS El 2017 ha sigut clarificador...i molt desgraciat, constatant la corrupciÃ³ generalitzada.",537489312,
2018-02-08 15:53:28,"RT @museojaca: Rescatando #hilo. AllÃ¡ vamosâš¡ï¸ â€œ#recuperandomomentosMDJâ€

https://t.co/YJ3KTFYLOd",2432554452,
2018-02-08 15:53:26,https://t.co/nQI1qboW4l,3297692613,
2018-02-08 15:53:25,RT @Javii_Velazquez: Pique sale de la UCI despuÃ©s de la criminal entrada con el muslo de Gerard Moreno que pudo acabar con su vida y entraâ€¦,2405330492,
2018-02-08 15:53:23,"RT @JuanFerrerVila: Charles Dickens (7 February 1812 â€“ 9 June 1870).

Oliver Twist (1948) David Lean. https://t.co/RqTviB2n6B",951805318606049280,
2018-02-08 15:53:21,@PalPakiyo Desde luego si yo soy pintor de una empresa y ud me contrata para pintar su casa deberÃ© pintarla del colâ€¦ https://t.co/iVtBQ8fVvE,917087045968855040,
2018-02-08 15:53:19,"Dice por ahÃ­ alguno hoy, que hagamos la huelga a la japonesa, trabajando el doble ğŸ¤ªğŸ¤ªğŸ¤ª... Algunos no se enteran, ESOâ€¦ https://t.co/ui9hQQ4EZ8",290565666,
2018-02-08 15:53:16,@RosaKittieChaos Solo si es en directo y quede grabado por su parte ya se sabe pero que tu tambiÃ©n lo grabes y quedâ€¦ https://t.co/qyw5DkFwQL,2569426366,
2018-02-08 15:53:13,"Anyone can join, if you're into 3D or just wanna have a good time but it's easier to communicate in there than DM'sâ€¦ https://t.co/ty9AidjK6j",3407181514,
2018-02-08 15:53:13,ğŸ“¸ğŸ”µ Escuchamos a @ATorresMillera resumir el papel de las diferentes instituciones de Gobierno en cuanto al retorno dâ€¦ https://t.co/gqDTw8LVID,3326873795,
2018-02-08 15:53:10,"RT @jusapolsoria: ğŸš¨ğŸš¨ğŸš¨DeclaraciÃ³n Institucional por unanimidad en el @Ayto_Soria en apoyo a la #EquiparacionYa, donde hemos estado esta maÃ±aâ€¦",1564262424,
2018-02-08 15:53:06,RT @TanteJav: Uhaiii....... https://t.co/qrQCthw8oe,957944129027112960,
2018-02-08 15:52:58,"@hectormainar echo de menos tu tweet cariÃ±oso de jueves pre-carnaval..

XD",2130531,
2018-02-08 15:52:58,RT @museojaca: Esa vitrina estÃ¡ esperando a su nueva inquilina. Aquella que formarÃ¡ parte de nuestra colecciÃ³n permanente a partir de maÃ±anâ€¦,2432554452,
2018-02-08 15:52:58,"RT @Vladimir693: OperaciÃ³n CÃ³ndor II https://t.co/dQFz2plskL vÃ­a @diario_16

Me lo parece a mi, o cada dÃ­a escribe mejor @ZCelemin ?",261863238,
2018-02-08 15:52:58,Ã‡a fait 2 ans que ma vie se rÃ©sume Ã  dire adieu,42683739,
2018-02-08 15:52:55,Hay veces que Gallur mola un poquito mÃ¡s #MeetingMadrid https://t.co/aCbicAiP0H,153046178,
2018-02-08 15:52:52,RT @CarlosMadurga: Peeeeeeero NÃ©stor. EstarÃ¡ Madurga en el directoooooooooo? https://t.co/JyEISKJI3B,1459263379,
2018-02-08 15:52:49,@Joslacop @PolacoTocho @PekesGG @Kirshay_lol @inesdtwn XDD,714490472971046913,
2018-02-08 15:52:45,#NosotrasParamos https://t.co/H5BR0zWVPj,2442099169,
2018-02-08 15:52:43,Regalen un cap de setmana als policies que van actuar al 1-0! Cada vegada mÃ©s es noten els tics de gent que actua câ€¦ https://t.co/4WP0TEdsxE,2267415435,
2018-02-08 15:52:42,"Factores de rendimiento: 
âœ…Elevar el umbral anaerÃ³bico
âœ…Incrementar mÃ¡ximo lactato sostenido 
âœ…Poseer y desarrollarâ€¦ https://t.co/0bByITv5xL",783271648187277312,
2018-02-08 16:09:57,"Me ha gustado un vÃ­deo de @YouTube (https://t.co/JNBd7rtVK0 - Aprenda magia 12 ""Sol y Luna"").",1291611648,
2018-02-08 16:09:56,"#8Feb Aniversario del nacimiento de ""Julio Verne"": https://t.co/OOeJUdEbv1 https://t.co/MwxwUbfXG1",467356835,
2018-02-08 16:09:55,Imatges que il.lustren la informaciÃ³ . https://t.co/PrEsbz336o,731041934651850752,
2018-02-08 16:09:51,Os esperamos esta tarde desde las 6 en el taller de decoraciÃ³n de mÃ¡scaras!! https://t.co/SMvLv0vYYb,827143778137948160,
2018-02-08 16:09:48,@albertvr85 @Lleida_Esportiu Buena esa ğŸ˜‚ğŸ˜‚ğŸ‘ğŸ‘,2333909786,
2018-02-08 16:09:47,@JJ_Cobas una pregunta: se venderÃ¡ allÃ­ o dÃ³nde se puede adquirir un libro que se publicÃ³ enseÃ±ando todos los modelos y historia de jjcobas?,216118716,
2018-02-08 16:09:44,RT @VidorretaDesign: Participando en la asamblea anual de @eidedesign. Sumando visiones entre todos para avanzar!! #diseÃ±o #cocreaciÃ³n #uniâ€¦,313256005,
2018-02-08 16:09:41,@lokopeda @mjhidalgoconde @lilith_yo @MJLetrada @ladycrocs @_CCarbonell @inmaculadacode @pdediost @Lucas_DSEâ€¦ https://t.co/7JplBC13lJ,697408687728623616,
2018-02-08 16:09:40,Alicia es de Gamonal. https://t.co/KJZYQGtx5i,272370619,
2018-02-08 16:09:38,"RT @unedbarbastro: Los dÃ­as 2 y 3Marzo aprenderemos sobre
#EspaÃ±a, #Europa y el #federalismo del siglo XXI
El curso contarÃ¡ con expertos deâ€¦",231058762,
2018-02-08 16:09:38,Me ha gustado un vÃ­deo de @YouTube (https://t.co/sWqbv7d8vs - $UICIDEBOY$ x POUYA - RUNNIN' THRU THE 7TH WITH MY WOADIES).,997511780,
2018-02-08 16:09:37,RT @PodemosAragon: Marta de Santos afirma que el problema del #ICA afecta a muchos ayuntamientos no solo a Zaragoza y especialmente del Pirâ€¦,300704824,
2018-02-08 16:09:37,"Jika km takut melangkah, lihatlah bagaimana seorang bayi yg mencoba berjalan.",2288137979,
2018-02-08 16:09:34,RT @cridaperlleida: ğŸ”´  Avui hem presentat un recurs per anulÂ·lar un acord de la Junta de Govern Local: aprova una liquidaciÃ³ de mÃ©s de 2 miâ€¦,2310092219,
2018-02-08 16:09:33,RT @albertvr85: @Info_Lleida @Lleida_Esportiu Hoy es diferente.... ğŸ˜‚,2333909786,
2018-02-08 16:09:31,"Yo me pego con todo dios teÃ³ricamente. Si esto fueran combates fÃ­sicos y callejeros serÃ­a el chungo del barrio.
Conâ€¦ https://t.co/n7rBSr6E8D",848761021,
2018-02-08 16:09:29,"Yo me visto para mÃ­, no para que me piropees, o me desnudes con la mirada #NosostrasParamos 8m #HaciaLaHuelgaFeminista",290565666,
2018-02-08 16:09:28,@LeeIicon Soy de ir despacio perdona zorra,714490472971046913,
2018-02-08 16:09:27,"perdÃ­, pero ganÃ© algo mejor",1008940117,
2018-02-08 16:09:26,RT @SupHuesca: El @Sup_Policia da por alcanzada la reivindicaciÃ³n de chalecos para los efectivos de Canfranc que prestan su servicio en laâ€¦,2966171381,
2018-02-08 16:09:26,@AllessandraDia2 ainda bem que o pai dela Ã© o para tudo kkkkkk,767441846066880512,
2018-02-08 16:09:25,Cuando sale Marilyn Manson en clase y gritas YAAAAAASSS,955510598254645248,
2018-02-08 16:09:23,"RT @COFZgz: Desde @COFZgz hacemos un llamamiento a las mujeres de #AragÃ³n a sumarse a #HuelgaFeminista8M el #8M PAREMOS TODAS JUNTAS:
El Coâ€¦",490388977,
2018-02-08 16:09:23,Marcus bolou comigo ğŸ˜“,849081656241729536,
2018-02-08 16:09:22,RT @jusapolaragon: Hoy es #8FMallorca la #GuardiaCivil y #PolicÃ­aNacional se tienen que sentir apoyados en #Baleares que sepan que la genteâ€¦,888086234148589568,
2018-02-08 16:09:20,En el #TLP se observa claramente la autoestima como valor central y un ser correcto,578984798,
2018-02-08 16:09:18,"RT @APortabellaF: @ALesPlacesPodem @PPopular No tienen escrÃºpulos, corazÃ³n ni credibilidad a dÃ­a de hoy solo cuentan con el voto del miedoâ€¦",948676272095363073,
2018-02-08 16:09:18,"All I ever wanted 
 All I ever needed 
 Is here in my arms 
 Words are very unnecessary 
 They can only do harmâ€¦ https://t.co/fDScGi96mA",871989726013739009,
2018-02-08 16:09:16,Me estoy ahogando https://t.co/j8qIbpGVmg,2874015397,
2018-02-08 16:09:16,RT COFZgz: RT COFZgz: Desde COFZgz hacemos un llamamiento a las mujeres de #AragÃ³n a sumarse a #HuelgaFeminista8M eâ€¦ https://t.co/W757pvCeXM,300105351,
2018-02-08 16:09:15,RT COFZgz: RT COFZgz: Mientras el  patriarcado sea dueÃ±o del ğŸŒ a las mujeres nos sobran #Razones8M paraâ€¦ https://t.co/ZsZbZVVh5o,300105351,
2018-02-08 16:09:14,@luis_nx01 Eso es lo Ãºnico que nunca cambiarÃ¡ jeje,34657165,
2018-02-08 16:09:05,THIS IS TRULY DARK SOULS SEX!!,820167893526646784,
2018-02-08 16:09:05,"ğŸ‘‰|ğŸŠ Lo justo en EspaÃ±a es tener una Ley Electoral Moderna para: 
ğŸ”¶Garantizar el voto proporcional
ğŸ”¶Permitir listasâ€¦ https://t.co/36veLohUwX",827468331343024128,
2018-02-08 16:09:05,@a_iturralde Yo aquÃ­ en modo defensivo ahora liquidez y fondos y pensiones que invierten o pueden invertir en bonosâ€¦ https://t.co/SRpvSTyleZ,3293926919,
2018-02-08 16:09:05,@TheShooterCoC DIOS ME PASABA DE PEQUEÃ‘A SIEMPRE,942181321463484416,
2018-02-08 16:09:05,@tikotikoh @LfilodelabrechA Ciudado que soy de explosiÃ³n atÃ³mica ğŸ˜„,143870569,
2018-02-08 16:09:04,RT @TRICLab: Del hipercontrol al descontrol: las redes sociales y sus avatares frente al #humanismodigital.  #Fomo vs. #eticadigital @_sophâ€¦,231754040,
2018-02-08 16:09:04,"NÃ£o me podem dar tanga que eu vou dar o dobro
Parece que nem me conhecem, sabi dji nada inocentji",955504070663565312,
2018-02-08 16:09:04,Jadi jomblo tu serba salah. Jaga jarak dibilang Sombong. Jaga image dibilang Sok Cool. Jaga komplek dibilang Satpam :|,2236025442,
2018-02-08 16:09:04,"RT @LuisFando: 7.500 fans del Newport County han estado en Wembley. En su estadio, Rodney Parade, caben 7.700. Casi todo el aforo ha viajadâ€¦",3356648093,
2018-02-08 16:09:03,"RT @HijabAlter: Yang Mau Tititnya Di giniin Retweet Dan Like Ya Mas..
https://t.co/ij6jhWoy00",885791588944715777,
2018-02-08 16:09:01,estÃ¡ guay que tu profesora te pille el primer dÃ­a de clase discutiendo sobre las Winx @anddreanorway @Carolina_CGE @AnaSancho99,1725560934,
2018-02-08 16:08:54,"- Profe, puedo traerte firmado el parte el lunes?
- No, maÃ±ana
- y si me dejan sin salir el sÃ¡bado?
- igualmente teâ€¦ https://t.co/CDaA8TFBpJ",196765741,
2018-02-08 16:08:53,"RT @PodemosAragon: Queremos un modelo justo y transparente para pagar la depuraciÃ³n de las aguas, ha defendido nuestro secretario general eâ€¦",300704824,
2018-02-08 16:08:53,"@daboblog @ivoox @n1mh Yo allÃ­ ya no subo nada, no me fÃ­o en absoluto de esa plataforma y dudo mucho que dure muchoâ€¦ https://t.co/SaRP1A2tU1",34657165,
2018-02-08 16:08:52,"RT @jusapolsoria: ğŸš¨ğŸš¨ğŸš¨DeclaraciÃ³n Institucional por unanimidad en el @Ayto_Soria en apoyo a la #EquiparacionYa, donde hemos estado esta maÃ±aâ€¦",888086234148589568,
2018-02-08 16:08:52,A partir de ahora pasarÃ© las resacas con una botella de agua y un bote de espÃ¡rragos. https://t.co/9wDwzLioeK,3190665621,
2018-02-08 16:08:51,"Avui dijous l'alumnat de 1r del #CFGS  d'animaciÃ³ d'AF de visita guiada per la #Biblioteca del #INEFC de #Lleida 
Eâ€¦ https://t.co/ikXtabWkgD",1842754602,
2018-02-08 16:08:50,La Universidad de  Zaragoza  quiere la igualdad en el Deporte Universitario de CompeticiÃ³n https://t.co/Ee4tfP3tcd,857953959323029505,
2018-02-08 16:08:47,Mira ahahhahahsh,541713744,
2018-02-08 16:08:45,"RT @CadenaSERSoria: El bilingÃ¼ismo en los colegios no funciona
 https://t.co/IndFCtzGsr vÃ­a @La_SER",407318926,
2018-02-08 16:08:44,"@emepuntolopez @maiolichinus @MariaJamardoC Pues yo estoy a favor de que haya referÃ©ndum. Y creo que, igual que yo,â€¦ https://t.co/X5OanP0r7i",232377827,
2018-02-08 16:08:42,GuillÃ©n reclama al Gobierno central una excepciÃ³n para ampliar plantillas y contratar bomberos en Huesca y Teruel.  https://t.co/Cw7jwhLEv9,819595927526735874,
2018-02-08 16:08:41,"RT @jusapolsoria: ğŸš¨ğŸš¨ğŸš¨DeclaraciÃ³n Institucional por unanimidad en el @Ayto_Soria en apoyo a la #EquiparacionYa, donde hemos estado esta maÃ±aâ€¦",926448676234579968,
2018-02-08 16:08:41,RT @PainlessQQ: ğŸŒ¸ https://t.co/FesfN3DIZu,1255451952,
2018-02-08 16:08:38,"RT @alfrediniesta: #TotEsMouTV3 Mentre aparegui el subdirector d'un mitjÃ  que fa llistes negres espanyolistes (""complices del independentisâ€¦",919284775491457036,
2018-02-08 16:08:38,@bizzleosikoya Mine was September 2008. Never looked back since ğŸ™ğŸ¿,830407971565867008,
2018-02-08 16:08:36,"RT @PiluLleida: CuÃ¡ntas de nosotras estamos hartas? Harta de tanta injusticia, de tanta tonterÃ­a, de tanta prepotencia, de tanta sandez. 
Nâ€¦",811263784841052160,
2018-02-08 16:08:35,"RT @EmpRey_: Â¡10% DE DESCUENTO EN TUS PEDIDOS DE FLORES ONLINE PARA ESTE SAN VALENTÃN! #DÃ­seloConFlores
Pide tus flores aquÃ­: https://t.co/â€¦",3312958799,
2018-02-08 16:08:35,RT @jusapolsoria: El Ayuntamiento de Soria se solidariza con JUSAPOL https://t.co/PvZ7JfJ4vS,923213772822601728,
2018-02-08 16:08:33,RT @josemellinas: Me encanta la elecciÃ³n musical del trailer de #VenomLaPelicula. https://t.co/PHqX0sHDnY,371392738,
2018-02-08 16:08:32,Seguro que @Renfe tiene dos dedos de frente hace una parada en #Zaragoza con el nuevo tren #EVA,548882652,
2018-02-08 16:08:31,"RT @ximicomics: Sale el sol, pasa esto, se pone el sol y aquÃ­ no ha pasado nada, todo es como debe ser, todo va como tiene que ir, que decÃ­â€¦",2945786512,
2018-02-08 16:08:31,@iunida @Farth87 @agarzon Ganar la elecciones y intentais cambiar la constitucion y votaremos los espaÃ±oles . Yo lo veo muy negro .,216632737,
2018-02-08 16:08:30,Me ha gustado un vÃ­deo de @YouTube (https://t.co/wpPLRH366L - $UICIDEBOY$ - ECLIPSE (suicide boys)).,997511780,
2018-02-08 16:08:30,"RT @EmpRey_: Huesca avanza hacia el empleo de inserciÃ³n
https://t.co/atzJko8qq8 #Empleo #InserciÃ³n #InclusiÃ³n #IntegraciÃ³n #Discapacidad #Hâ€¦",3312958799,
2018-02-08 16:08:29,Me ha gustado un vÃ­deo de @YouTube (https://t.co/UMDO5CRWKG - LA GRAN BATALLA!! Match Attax Champions League 2017/2018 VS Adrenalyn,808703856523800576,
2018-02-08 16:08:24,Con este vÃ­deo de AramÃ­s Fuster poco habrÃ­an durado los bichejos de IT FOLLOWS. https://t.co/gOYHQd7RHj,55674964,
2018-02-08 16:08:21,"Tenim clara la disfressa que ens posarem per aquest Carnaval? Alguns ciutadans de #Lleida, sÃ­. Escolta les resposteâ€¦ https://t.co/jMdAlMZ2xV",270440229,
2018-02-08 16:08:20,"Valentine/
This year you're mine @MtezAdrian! â¤ï¸
And you, whom will be yours?
via https://t.co/YJqqrQAXNJ https://t.co/xxdyjvhBMn",541713744,
2018-02-08 16:08:17,RT @vrTICunizar: Este tipo ver mensajes son siempre falsos. Tened mucho cuidado con ellos. https://t.co/ZKyWy8p3bl,3333195526,
2018-02-08 16:08:12,"@el_pais La incultura inexperta pero soberbia y con aires de grandeza al poder.... Claro, claro. Como AÃ­do hace aÃ±os...",3023292989,
2018-02-08 16:08:09,ç¾ã—ããªã‘ã‚Œã°ç”Ÿãã¦ã„ã‚‹æ„å‘³ãŒãªã„,2188360417,
2018-02-08 16:08:07,Primeros benchmarks de Intel Coffee Lake para portÃ¡tiles: hasta un 35% mÃ¡s potentes https://t.co/iTpeYaJZGr,2359844816,
2018-02-08 16:08:02,"RT @jusapolaragon: Tenemos documento grÃ¡fico del Sr ministro Zoido @zoidoJI del @interiorgob ESTUDIANDO la #EquiparacionYa ğŸ‘‡ 
En un momentoâ€¦",2737495467,
2018-02-08 16:08:01,"RT @unizar: Alicia Moreno Arjol, capitana de rugby Unizar y Blanca de la Hoz Villalba, capitana del equipo de rugby del Trofeo Rector, hanâ€¦",3299017972,
2018-02-08 16:07:53,@Empershao Compra lo,739011215482101760,
2018-02-08 16:07:45,"El sistema quiere perpetuar ESA situaciÃ³n, xq asÃ­ salimos + baratas: ğŸ‘‰ğŸ¼menos sueldos ğŸ‘‰ğŸ¼ menos pensiones 
ğŸ‘‰ğŸ¼ Nosotraâ€¦ https://t.co/Hxko7bV28E",290565666,
2018-02-08 16:07:45,"@Berto2600 No, ese es otro proyecto paralelo que a lo mejor hago con un grupo.
Este serÃ¡ yo solo, bÃ¡sicamente cogieâ€¦ https://t.co/trvXBlI2Hz",34657165,
2018-02-08 16:07:41,RT @ProtectoraJaca: #SOS Necesitamos acogida o adopciÃ³n urgente para esos casos especiales: el frÃ­o de estos dÃ­as es excesivo para todos peâ€¦,353854026,
2018-02-08 16:07:40,gcgicicgc,791614490114568192,
2018-02-08 16:07:38,"Me imagino un dÃ­a en las oficinas de Sony:
- Oye, Â¿QuÃ© tal vamos con el trÃ¡iler de Venom?
- Nah, ahÃ­ estÃ¡, aÃºn hayâ€¦ https://t.co/JTnKJPpdxd",41149006,
2018-02-08 16:07:38,"RT @futbolemotion: Los jugadores del @RCD_Mallorca ayer a la tarde, no quisieron perderse la inauguraciÃ³n de la nueva tienda de #FutbolEmotâ€¦",957550822778458113,
2018-02-08 16:07:35,RT @IA_Mujer: Las @cortes_aragon aprueban Dictamen de la ComisiÃ³n Especial para el Estudio de la Violencia Machista. En ella comparecieronâ€¦,3299017972,
2018-02-08 16:07:34,"RT @EmpRey_: Â¡10% DE DESCUENTO EN TUS PEDIDOS DE FLORES ONLINE PARA ESTE SAN VALENTÃN! #DÃ­seloConFlores
Pide tus flores aquÃ­: https://t.co/â€¦",632232980,
2018-02-08 16:07:33,"@Kantisman Seguro, escribime por privado y charlamos!",166569035,
2018-02-08 16:07:32,Me ha gustado un vÃ­deo de @YouTube (https://t.co/fyolPDdlTX - Oh My Engrish).,887402707,
2018-02-08 16:07:32,@LuciaGil_Gil el sÃ¡bado en el concierto de @OficialConchita ! grabadlo ğŸ™ğŸ» i needâ¤ï¸ https://t.co/bOCEq9wMTH,1433713262,
2018-02-08 16:07:31,Hoy a las 23:45 aproximadamente se decide si las prÃ³ximas obras del Santiago BernabÃ©u comienzan a principios de Abril...,56504598,
2018-02-08 16:07:30,"RT @_machaca93: Como a Cristina @LaFallaras mi bisabuelo fue asesinado en la tapia del cementerio de Zaragoza, tras pasar por la cÃ¡rcel, elâ€¦",143773381,
2018-02-08 16:07:29,"RT @Cs_Aragon: ğŸ‘®â€â™‚ï¸Tras 35 aÃ±os de excusas de PPSOE, Cs exige la #EquiparaciÃ³nYaSinExcusas de la @GuardiaCivil y @Policia con las policÃ­asâ€¦",329073197,
2018-02-08 16:07:27,"RT @CHACK75: @javiernegre10 Ayer Javier Arenas, hoy Ana VÃ¡zquez Blanco, diputada del PP por Orense, ofendida con Jusapol.
Hoy se ha suicidaâ€¦",336409724,
2018-02-08 16:07:25,@Froggy1003 @lancecarpenter @KrystalKeith THANKS for listening to listeners REQUESTS!!!,1631140273,
2018-02-08 16:07:20,@ElFuns Leyendo un poco del hombre este. Parece que es diseÃ±ador... Ya estÃ¡ todo dicho.,337039712,
2018-02-08 16:07:19,@MtezAdrian OjalÃ¡ a mÃ­ tambiÃ©n,541713744,
2018-02-08 16:07:18,ğŸŒ¸ https://t.co/FesfN3DIZu,714490472971046913,
2018-02-08 16:07:15,"RT @jusapolsoria: ğŸš¨ğŸš¨ğŸš¨DeclaraciÃ³n Institucional por unanimidad en el @Ayto_Soria en apoyo a la #EquiparacionYa, donde hemos estado esta maÃ±aâ€¦",940869574223974401,
2018-02-08 16:07:14,RT @PortellaCastro: La placa de piedra que se ha colocado esta maÃ±ana en el anden de la estaciÃ³n de ferrocarril de SabiÃ±Ã¡nigo es obra de laâ€¦,1406213732,
2018-02-08 16:07:11,RT @danicatradio: La tenista de #Lleida de 17 anys @aranteixi s'acaba de proclamar CAMPIONA de Catalunya jÃºnior en derrotar Laura LÃ³pez 6-1â€¦,718451977445838848,
